,Date,Code,MID
0,2013-01-02,USD,3.066
1,2013-01-03,USD,3.1005
2,2013-01-04,USD,3.17
3,2013-01-07,USD,3.1618
4,2013-01-08,USD,3.1457
5,2013-01-09,USD,3.1516
6,2013-01-10,USD,3.1121
7,2013-01-11,USD,3.089
8,2013-01-14,USD,3.0828
9,2013-01-15,USD,3.075
10,2013-01-16,USD,3.1097
11,2013-01-17,USD,3.0853
12,2013-01-18,USD,3.0925
13,2013-01-21,USD,3.1351
14,2013-01-22,USD,3.1341
15,2013-01-23,USD,3.1195
16,2013-01-24,USD,3.1503
17,2013-01-25,USD,3.1186
18,2013-01-28,USD,3.1074
19,2013-01-29,USD,3.1229
20,2013-01-30,USD,3.0938
21,2013-01-31,USD,3.0874
22,2013-02-01,USD,3.0744
23,2013-02-04,USD,3.0563
24,2013-02-05,USD,3.0831
25,2013-02-06,USD,3.0868
26,2013-02-07,USD,3.0886
27,2013-02-08,USD,3.1056
28,2013-02-11,USD,3.0991
29,2013-02-12,USD,3.1159
30,2013-02-13,USD,3.1012
31,2013-02-14,USD,3.1209
32,2013-02-15,USD,3.1398
33,2013-02-18,USD,3.141
34,2013-02-19,USD,3.136
35,2013-02-20,USD,3.1002
36,2013-02-21,USD,3.1633
37,2013-02-22,USD,3.1443
38,2013-02-25,USD,3.1412
39,2013-02-26,USD,3.1733000000000002
40,2013-02-27,USD,3.1841
41,2013-02-28,USD,3.1679
42,2013-03-01,USD,3.1769
43,2013-03-04,USD,3.1837
44,2013-03-05,USD,3.1665
45,2013-03-06,USD,3.166
46,2013-03-07,USD,3.1808
47,2013-03-08,USD,3.169
48,2013-03-11,USD,3.1828
49,2013-03-12,USD,3.1887
50,2013-03-13,USD,3.1863
51,2013-03-14,USD,3.2
52,2013-03-15,USD,3.1868
53,2013-03-18,USD,3.2015000000000002
54,2013-03-19,USD,3.2055
55,2013-03-20,USD,3.2169
56,2013-03-21,USD,3.2387
57,2013-03-22,USD,3.2361
58,2013-03-25,USD,3.195
59,2013-03-26,USD,3.2427
60,2013-03-27,USD,3.2635
61,2013-03-28,USD,3.2773
62,2013-03-29,USD,3.259
63,2013-04-02,USD,3.2552
64,2013-04-03,USD,3.2693
65,2013-04-04,USD,3.275
66,2013-04-05,USD,3.2358000000000002
67,2013-04-08,USD,3.1893
68,2013-04-09,USD,3.1696
69,2013-04-10,USD,3.1405
70,2013-04-11,USD,3.1382
71,2013-04-12,USD,3.1537
72,2013-04-15,USD,3.1502
73,2013-04-16,USD,3.1559
74,2013-04-17,USD,3.1159
75,2013-04-18,USD,3.1529
76,2013-04-19,USD,3.1409
77,2013-04-22,USD,3.1448
78,2013-04-23,USD,3.1811
79,2013-04-24,USD,3.1823
80,2013-04-25,USD,3.1792
81,2013-04-26,USD,3.1943
82,2013-04-29,USD,3.1712
83,2013-04-30,USD,3.1721
84,2013-05-02,USD,3.1492
85,2013-05-06,USD,3.1646
86,2013-05-07,USD,3.1767
87,2013-05-08,USD,3.1609
88,2013-05-09,USD,3.1392
89,2013-05-10,USD,3.1861
90,2013-05-13,USD,3.2051
91,2013-05-14,USD,3.1998
92,2013-05-15,USD,3.234
93,2013-05-16,USD,3.2521
94,2013-05-17,USD,3.252
95,2013-05-20,USD,3.238
96,2013-05-21,USD,3.249
97,2013-05-22,USD,3.2322
98,2013-05-23,USD,3.2587
99,2013-05-24,USD,3.24
100,2013-05-27,USD,3.2416
101,2013-05-28,USD,3.2465
102,2013-05-29,USD,3.2831
103,2013-05-31,USD,3.2953
104,2013-06-03,USD,3.2865
105,2013-06-04,USD,3.2524
106,2013-06-05,USD,3.2421
107,2013-06-06,USD,3.2564
108,2013-06-07,USD,3.2545
109,2013-06-10,USD,3.221
110,2013-06-11,USD,3.2201
111,2013-06-12,USD,3.2002
112,2013-06-13,USD,3.2
113,2013-06-14,USD,3.1654
114,2013-06-17,USD,3.1719
115,2013-06-18,USD,3.1682
116,2013-06-19,USD,3.1777
117,2013-06-20,USD,3.2693
118,2013-06-21,USD,3.2743
119,2013-06-24,USD,3.3137
120,2013-06-25,USD,3.284
121,2013-06-26,USD,3.3239
122,2013-06-27,USD,3.3241
123,2013-06-28,USD,3.3175
124,2013-07-01,USD,3.321
125,2013-07-02,USD,3.3222
126,2013-07-03,USD,3.3516
127,2013-07-04,USD,3.3246
128,2013-07-05,USD,3.3245
129,2013-07-08,USD,3.3576
130,2013-07-09,USD,3.3588
131,2013-07-10,USD,3.3724
132,2013-07-11,USD,3.3225
133,2013-07-12,USD,3.3201
134,2013-07-15,USD,3.2955
135,2013-07-16,USD,3.2735
136,2013-07-17,USD,3.241
137,2013-07-18,USD,3.2362
138,2013-07-19,USD,3.2348
139,2013-07-22,USD,3.2142
140,2013-07-23,USD,3.2001
141,2013-07-24,USD,3.18
142,2013-07-25,USD,3.2143
143,2013-07-26,USD,3.1831
144,2013-07-29,USD,3.1859
145,2013-07-30,USD,3.1798
146,2013-07-31,USD,3.1929
147,2013-08-01,USD,3.1961
148,2013-08-02,USD,3.2201
149,2013-08-05,USD,3.1771
150,2013-08-06,USD,3.1744
151,2013-08-07,USD,3.1725
152,2013-08-08,USD,3.1503
153,2013-08-09,USD,3.1336
154,2013-08-12,USD,3.151
155,2013-08-13,USD,3.1489
156,2013-08-14,USD,3.1643
157,2013-08-16,USD,3.1665
158,2013-08-19,USD,3.1873
159,2013-08-20,USD,3.1761
160,2013-08-21,USD,3.1698
161,2013-08-22,USD,3.1811
162,2013-08-23,USD,3.1673
163,2013-08-26,USD,3.1658
164,2013-08-27,USD,3.1849
165,2013-08-28,USD,3.184
166,2013-08-29,USD,3.2269
167,2013-08-30,USD,3.2209
168,2013-09-02,USD,3.2164
169,2013-09-03,USD,3.2433
170,2013-09-04,USD,3.2387
171,2013-09-05,USD,3.2463
172,2013-09-06,USD,3.2732
173,2013-09-09,USD,3.2357
174,2013-09-10,USD,3.2181
175,2013-09-11,USD,3.1955
176,2013-09-12,USD,3.1782
177,2013-09-13,USD,3.1696
178,2013-09-16,USD,3.1435
179,2013-09-17,USD,3.1552
180,2013-09-18,USD,3.1689
181,2013-09-19,USD,3.0833
182,2013-09-20,USD,3.1152
183,2013-09-23,USD,3.126
184,2013-09-24,USD,3.1338
185,2013-09-25,USD,3.1234
186,2013-09-26,USD,3.1277
187,2013-09-27,USD,3.1328
188,2013-09-30,USD,3.1227
189,2013-10-01,USD,3.117
190,2013-10-02,USD,3.1212
191,2013-10-03,USD,3.0951
192,2013-10-04,USD,3.0902
193,2013-10-07,USD,3.0976
194,2013-10-08,USD,3.0873
195,2013-10-09,USD,3.1057
196,2013-10-10,USD,3.0994
197,2013-10-11,USD,3.085
198,2013-10-14,USD,3.0936
199,2013-10-15,USD,3.0893
200,2013-10-16,USD,3.0854
201,2013-10-17,USD,3.0625
202,2013-10-18,USD,3.0506
203,2013-10-21,USD,3.062
204,2013-10-22,USD,3.0564
205,2013-10-23,USD,3.0385
206,2013-10-24,USD,3.0323
207,2013-10-25,USD,3.0326
208,2013-10-28,USD,3.0271
209,2013-10-29,USD,3.0436
210,2013-10-30,USD,3.0433
211,2013-10-31,USD,3.0507
212,2013-11-04,USD,3.0975
213,2013-11-05,USD,3.0981
214,2013-11-06,USD,3.0896
215,2013-11-07,USD,3.0844
216,2013-11-08,USD,3.1133
217,2013-11-12,USD,3.1448
218,2013-11-13,USD,3.1358
219,2013-11-14,USD,3.115
220,2013-11-15,USD,3.1172
221,2013-11-18,USD,3.0953
222,2013-11-19,USD,3.0925
223,2013-11-20,USD,3.0947
224,2013-11-21,USD,3.1227
225,2013-11-22,USD,3.1077
226,2013-11-25,USD,3.1019
227,2013-11-26,USD,3.0945
228,2013-11-27,USD,3.0899
229,2013-11-28,USD,3.0872
230,2013-11-29,USD,3.0846
231,2013-12-02,USD,3.0965
232,2013-12-03,USD,3.0973
233,2013-12-04,USD,3.0916
234,2013-12-05,USD,3.087
235,2013-12-06,USD,3.0673
236,2013-12-09,USD,3.0534
237,2013-12-10,USD,3.0425
238,2013-12-11,USD,3.0386
239,2013-12-12,USD,3.0415
240,2013-12-13,USD,3.0432
241,2013-12-16,USD,3.035
242,2013-12-17,USD,3.036
243,2013-12-18,USD,3.0393
244,2013-12-19,USD,3.049
245,2013-12-20,USD,3.0525
246,2013-12-23,USD,3.0443
247,2013-12-24,USD,3.0346
248,2013-12-27,USD,3.0105
249,2013-12-30,USD,3.018
250,2013-12-31,USD,3.012
251,2014-01-02,USD,3.0315
252,2014-01-03,USD,3.0517
253,2014-01-07,USD,3.0688
254,2014-01-08,USD,3.0717
255,2014-01-09,USD,3.0695
256,2014-01-10,USD,3.07
257,2014-01-13,USD,3.045
258,2014-01-14,USD,3.04
259,2014-01-15,USD,3.0495
260,2014-01-16,USD,3.0566
261,2014-01-17,USD,3.0596
262,2014-01-20,USD,3.068
263,2014-01-21,USD,3.0763
264,2014-01-22,USD,3.0761
265,2014-01-23,USD,3.0559
266,2014-01-24,USD,3.0727
267,2014-01-27,USD,3.0884
268,2014-01-28,USD,3.0635
269,2014-01-29,USD,3.0829
270,2014-01-30,USD,3.1166
271,2014-01-31,USD,3.1288
272,2014-02-03,USD,3.137
273,2014-02-04,USD,3.1189
274,2014-02-05,USD,3.0987
275,2014-02-06,USD,3.095
276,2014-02-07,USD,3.0857
277,2014-02-10,USD,3.0683
278,2014-02-11,USD,3.0581
279,2014-02-12,USD,3.0552
280,2014-02-13,USD,3.0532
281,2014-02-14,USD,3.0334
282,2014-02-17,USD,3.025
283,2014-02-18,USD,3.03
284,2014-02-19,USD,3.0286
285,2014-02-20,USD,3.049
286,2014-02-21,USD,3.0389
287,2014-02-24,USD,3.0255
288,2014-02-25,USD,3.0264
289,2014-02-26,USD,3.026
290,2014-02-27,USD,3.0655
291,2014-02-28,USD,3.0254
292,2014-03-03,USD,3.0462
293,2014-03-04,USD,3.0489
294,2014-03-05,USD,3.0477
295,2014-03-06,USD,3.0427
296,2014-03-07,USD,3.0185
297,2014-03-10,USD,3.0266
298,2014-03-11,USD,3.0449
299,2014-03-12,USD,3.0508
300,2014-03-13,USD,3.0284
301,2014-03-14,USD,3.0481
302,2014-03-17,USD,3.043
303,2014-03-18,USD,3.0396
304,2014-03-19,USD,3.0245
305,2014-03-20,USD,3.05
306,2014-03-21,USD,3.0425
307,2014-03-24,USD,3.0483
308,2014-03-25,USD,3.0342
309,2014-03-26,USD,3.0318
310,2014-03-27,USD,3.0401
311,2014-03-28,USD,3.0374
312,2014-03-31,USD,3.0344
313,2014-04-01,USD,3.0278
314,2014-04-02,USD,3.0288
315,2014-04-03,USD,3.033
316,2014-04-04,USD,3.0397
317,2014-04-07,USD,3.0446
318,2014-04-08,USD,3.0276
319,2014-04-09,USD,3.0221
320,2014-04-10,USD,3.0092
321,2014-04-11,USD,3.0086
322,2014-04-14,USD,3.0288
323,2014-04-15,USD,3.0325
324,2014-04-16,USD,3.0272
325,2014-04-17,USD,3.0317
326,2014-04-18,USD,3.0265
327,2014-04-22,USD,3.034
328,2014-04-23,USD,3.0273
329,2014-04-24,USD,3.0285
330,2014-04-25,USD,3.0378
331,2014-04-28,USD,3.0368
332,2014-04-29,USD,3.0318
333,2014-04-30,USD,3.044
334,2014-05-02,USD,3.0289
335,2014-05-05,USD,3.031
336,2014-05-06,USD,3.0196
337,2014-05-07,USD,3.0187
338,2014-05-08,USD,3.0042
339,2014-05-09,USD,3.0247
340,2014-05-12,USD,3.0362
341,2014-05-13,USD,3.0381
342,2014-05-14,USD,3.048
343,2014-05-15,USD,3.0589
344,2014-05-16,USD,3.0567
345,2014-05-19,USD,3.0558
346,2014-05-20,USD,3.062
347,2014-05-21,USD,3.054
348,2014-05-22,USD,3.0525
349,2014-05-23,USD,3.049
350,2014-05-26,USD,3.0466
351,2014-05-27,USD,3.0532
352,2014-05-28,USD,3.0598
353,2014-05-29,USD,3.0395
354,2014-05-30,USD,3.0435
355,2014-06-02,USD,3.0413
356,2014-06-03,USD,3.0449
357,2014-06-04,USD,3.0491
358,2014-06-05,USD,3.0275
359,2014-06-06,USD,3.0222
360,2014-06-09,USD,3.0067
361,2014-06-10,USD,3.0303
362,2014-06-11,USD,3.0431
363,2014-06-12,USD,3.0374
364,2014-06-13,USD,3.0382
365,2014-06-16,USD,3.0654
366,2014-06-17,USD,3.0495
367,2014-06-18,USD,3.0589
368,2014-06-20,USD,3.0495
369,2014-06-23,USD,3.0627
370,2014-06-24,USD,3.0526
371,2014-06-25,USD,3.0451
372,2014-06-26,USD,3.0361
373,2014-06-27,USD,3.0485
374,2014-06-30,USD,3.0473
375,2014-07-01,USD,3.0355
376,2014-07-02,USD,3.0387
377,2014-07-03,USD,3.0418
378,2014-07-04,USD,3.0495
379,2014-07-07,USD,3.0497
380,2014-07-08,USD,3.0441
381,2014-07-09,USD,3.0322
382,2014-07-10,USD,3.0323
383,2014-07-11,USD,3.0426
384,2014-07-14,USD,3.0368
385,2014-07-15,USD,3.0454
386,2014-07-16,USD,3.0503
387,2014-07-17,USD,3.0579
388,2014-07-18,USD,3.0652
389,2014-07-21,USD,3.07
390,2014-07-22,USD,3.0748
391,2014-07-23,USD,3.0707
392,2014-07-24,USD,3.0702
393,2014-07-25,USD,3.0831
394,2014-07-28,USD,3.086
395,2014-07-29,USD,3.09
396,2014-07-30,USD,3.0978
397,2014-07-31,USD,3.1094
398,2014-08-01,USD,3.128
399,2014-08-04,USD,3.1114
400,2014-08-05,USD,3.1121
401,2014-08-06,USD,3.1377
402,2014-08-07,USD,3.1397
403,2014-08-08,USD,3.1509
404,2014-08-11,USD,3.1378
405,2014-08-12,USD,3.1465
406,2014-08-13,USD,3.1442
407,2014-08-14,USD,3.1285
408,2014-08-18,USD,3.1342
409,2014-08-19,USD,3.1356
410,2014-08-20,USD,3.1470000000000002
411,2014-08-21,USD,3.1569
412,2014-08-22,USD,3.152
413,2014-08-25,USD,3.168
414,2014-08-26,USD,3.1686
415,2014-08-27,USD,3.1764
416,2014-08-28,USD,3.1834
417,2014-08-29,USD,3.1965
418,2014-09-01,USD,3.2035
419,2014-09-02,USD,3.2112
420,2014-09-03,USD,3.1912
421,2014-09-04,USD,3.1947
422,2014-09-05,USD,3.2354
423,2014-09-08,USD,3.2303
424,2014-09-09,USD,3.2605
425,2014-09-10,USD,3.2508
426,2014-09-11,USD,3.2435
427,2014-09-12,USD,3.2468
428,2014-09-15,USD,3.2522
429,2014-09-16,USD,3.2419000000000002
430,2014-09-17,USD,3.2331
431,2014-09-18,USD,3.249
432,2014-09-19,USD,3.2507
433,2014-09-22,USD,3.257
434,2014-09-23,USD,3.243
435,2014-09-24,USD,3.2525
436,2014-09-25,USD,3.2823
437,2014-09-26,USD,3.2776
438,2014-09-29,USD,3.3
439,2014-09-30,USD,3.2973
440,2014-10-01,USD,3.3172
441,2014-10-02,USD,3.3039
442,2014-10-03,USD,3.3079
443,2014-10-06,USD,3.3343
444,2014-10-07,USD,3.3106
445,2014-10-08,USD,3.305
446,2014-10-09,USD,3.2776
447,2014-10-10,USD,3.2984999999999998
448,2014-10-13,USD,3.3062
449,2014-10-14,USD,3.3095
450,2014-10-15,USD,3.3262
451,2014-10-16,USD,3.2984999999999998
452,2014-10-17,USD,3.2964
453,2014-10-20,USD,3.3109
454,2014-10-21,USD,3.2987
455,2014-10-22,USD,3.3275
456,2014-10-23,USD,3.339
457,2014-10-24,USD,3.3387000000000002
458,2014-10-27,USD,3.3288
459,2014-10-28,USD,3.3295
460,2014-10-29,USD,3.3192
461,2014-10-30,USD,3.3592
462,2014-10-31,USD,3.3459
463,2014-11-03,USD,3.3772
464,2014-11-04,USD,3.3776
465,2014-11-05,USD,3.3887
466,2014-11-06,USD,3.3769
467,2014-11-07,USD,3.4084
468,2014-11-10,USD,3.3765
469,2014-11-12,USD,3.3966
470,2014-11-13,USD,3.386
471,2014-11-14,USD,3.3933
472,2014-11-17,USD,3.3819
473,2014-11-18,USD,3.3706
474,2014-11-19,USD,3.3655
475,2014-11-20,USD,3.368
476,2014-11-21,USD,3.3827
477,2014-11-24,USD,3.3842
478,2014-11-25,USD,3.3706
479,2014-11-26,USD,3.3546
480,2014-11-27,USD,3.3528000000000002
481,2014-11-28,USD,3.3605
482,2014-12-01,USD,3.3519
483,2014-12-02,USD,3.3466
484,2014-12-03,USD,3.373
485,2014-12-04,USD,3.3728
486,2014-12-05,USD,3.3619
487,2014-12-08,USD,3.3978
488,2014-12-09,USD,3.3688000000000002
489,2014-12-10,USD,3.3572
490,2014-12-11,USD,3.3611
491,2014-12-12,USD,3.3639
492,2014-12-15,USD,3.3621
493,2014-12-16,USD,3.3522
494,2014-12-17,USD,3.3928000000000003
495,2014-12-18,USD,3.4428
496,2014-12-19,USD,3.4791
497,2014-12-22,USD,3.4767
498,2014-12-23,USD,3.4937
499,2014-12-24,USD,3.529
500,2014-12-29,USD,3.527
501,2014-12-30,USD,3.5458
502,2014-12-31,USD,3.5072
503,2015-01-02,USD,3.5725
504,2015-01-05,USD,3.5975
505,2015-01-07,USD,3.6375
506,2015-01-08,USD,3.6482
507,2015-01-09,USD,3.6252
508,2015-01-12,USD,3.6218
509,2015-01-13,USD,3.6252
510,2015-01-14,USD,3.6525
511,2015-01-15,USD,3.6588000000000003
512,2015-01-16,USD,3.7174
513,2015-01-19,USD,3.7176
514,2015-01-20,USD,3.7346
515,2015-01-21,USD,3.7358000000000002
516,2015-01-22,USD,3.6994
517,2015-01-23,USD,3.7687
518,2015-01-26,USD,3.7601
519,2015-01-27,USD,3.7348
520,2015-01-28,USD,3.7276
521,2015-01-29,USD,3.7418
522,2015-01-30,USD,3.7204
523,2015-02-02,USD,3.6801
524,2015-02-03,USD,3.6886
525,2015-02-04,USD,3.644
526,2015-02-05,USD,3.6656
527,2015-02-06,USD,3.6395
528,2015-02-09,USD,3.6811
529,2015-02-10,USD,3.722
530,2015-02-11,USD,3.7094
531,2015-02-12,USD,3.6926
532,2015-02-13,USD,3.6552
533,2015-02-16,USD,3.6665
534,2015-02-17,USD,3.6788
535,2015-02-18,USD,3.6784
536,2015-02-19,USD,3.6631
537,2015-02-20,USD,3.6895
538,2015-02-23,USD,3.6933
539,2015-02-24,USD,3.6948
540,2015-02-25,USD,3.6649000000000003
541,2015-02-26,USD,3.6519
542,2015-02-27,USD,3.698
543,2015-03-02,USD,3.7053000000000003
544,2015-03-03,USD,3.7190000000000003
545,2015-03-04,USD,3.7485
546,2015-03-05,USD,3.7525
547,2015-03-06,USD,3.7649
548,2015-03-09,USD,3.789
549,2015-03-10,USD,3.8345000000000002
550,2015-03-11,USD,3.9091
551,2015-03-12,USD,3.8928000000000003
552,2015-03-13,USD,3.9141
553,2015-03-16,USD,3.926
554,2015-03-17,USD,3.9034
555,2015-03-18,USD,3.9073
556,2015-03-19,USD,3.8596
557,2015-03-20,USD,3.8645
558,2015-03-23,USD,3.818
559,2015-03-24,USD,3.7453000000000003
560,2015-03-25,USD,3.7355
561,2015-03-26,USD,3.705
562,2015-03-27,USD,3.789
563,2015-03-30,USD,3.7685
564,2015-03-31,USD,3.8125
565,2015-04-01,USD,3.789
566,2015-04-02,USD,3.7524
567,2015-04-03,USD,3.7449
568,2015-04-07,USD,3.7435
569,2015-04-08,USD,3.7135
570,2015-04-09,USD,3.7414
571,2015-04-10,USD,3.7894
572,2015-04-13,USD,3.8088
573,2015-04-14,USD,3.8001
574,2015-04-15,USD,3.7875
575,2015-04-16,USD,3.7746
576,2015-04-17,USD,3.7277
577,2015-04-20,USD,3.7302
578,2015-04-21,USD,3.7275
579,2015-04-22,USD,3.7125
580,2015-04-23,USD,3.7371
581,2015-04-24,USD,3.6895
582,2015-04-27,USD,3.7115
583,2015-04-28,USD,3.6751
584,2015-04-29,USD,3.6396
585,2015-04-30,USD,3.5987
586,2015-05-04,USD,3.632
587,2015-05-05,USD,3.6205
588,2015-05-06,USD,3.6116
589,2015-05-07,USD,3.583
590,2015-05-08,USD,3.6095
591,2015-05-11,USD,3.6489000000000003
592,2015-05-12,USD,3.6447000000000003
593,2015-05-13,USD,3.63
594,2015-05-14,USD,3.5921000000000003
595,2015-05-15,USD,3.5719000000000003
596,2015-05-18,USD,3.555
597,2015-05-19,USD,3.6152
598,2015-05-20,USD,3.6538
599,2015-05-21,USD,3.6605
600,2015-05-22,USD,3.669
601,2015-05-25,USD,3.75
602,2015-05-26,USD,3.7898
603,2015-05-27,USD,3.7906
604,2015-05-28,USD,3.7858
605,2015-05-29,USD,3.7671
606,2015-06-01,USD,3.785
607,2015-06-02,USD,3.7676
608,2015-06-03,USD,3.7108
609,2015-06-05,USD,3.6949
610,2015-06-08,USD,3.7381
611,2015-06-09,USD,3.6975
612,2015-06-10,USD,3.676
613,2015-06-11,USD,3.6817
614,2015-06-12,USD,3.7094
615,2015-06-15,USD,3.6905
616,2015-06-16,USD,3.6933
617,2015-06-17,USD,3.6873
618,2015-06-18,USD,3.6556
619,2015-06-19,USD,3.6879
620,2015-06-22,USD,3.6799
621,2015-06-23,USD,3.704
622,2015-06-24,USD,3.7103
623,2015-06-25,USD,3.7305
624,2015-06-26,USD,3.7275
625,2015-06-29,USD,3.7671
626,2015-06-30,USD,3.7645
627,2015-07-01,USD,3.7625
628,2015-07-02,USD,3.7859
629,2015-07-03,USD,3.7726
630,2015-07-06,USD,3.7960000000000003
631,2015-07-07,USD,3.8313
632,2015-07-08,USD,3.8225
633,2015-07-09,USD,3.829
634,2015-07-10,USD,3.7709
635,2015-07-13,USD,3.7543
636,2015-07-14,USD,3.7645
637,2015-07-15,USD,3.747
638,2015-07-16,USD,3.7694
639,2015-07-17,USD,3.7676
640,2015-07-20,USD,3.7868
641,2015-07-21,USD,3.7875
642,2015-07-22,USD,3.7629
643,2015-07-23,USD,3.7559
644,2015-07-24,USD,3.7654
645,2015-07-27,USD,3.7455
646,2015-07-28,USD,3.7303
647,2015-07-29,USD,3.7471
648,2015-07-30,USD,3.7754000000000003
649,2015-07-31,USD,3.7929
650,2015-08-03,USD,3.7705
651,2015-08-04,USD,3.7792
652,2015-08-05,USD,3.8359
653,2015-08-06,USD,3.8385
654,2015-08-07,USD,3.8326000000000002
655,2015-08-10,USD,3.8246
656,2015-08-11,USD,3.8087
657,2015-08-12,USD,3.7805
658,2015-08-13,USD,3.7625
659,2015-08-14,USD,3.7557
660,2015-08-17,USD,3.7613000000000003
661,2015-08-18,USD,3.7578
662,2015-08-19,USD,3.7718
663,2015-08-20,USD,3.7659000000000002
664,2015-08-21,USD,3.7308
665,2015-08-24,USD,3.6971
666,2015-08-25,USD,3.6612999999999998
667,2015-08-26,USD,3.6936999999999998
668,2015-08-27,USD,3.745
669,2015-08-28,USD,3.7493
670,2015-08-31,USD,3.778
671,2015-09-01,USD,3.7503
672,2015-09-02,USD,3.7626
673,2015-09-03,USD,3.7645
674,2015-09-04,USD,3.7952
675,2015-09-07,USD,3.7928
676,2015-09-08,USD,3.7878
677,2015-09-09,USD,3.7634
678,2015-09-10,USD,3.7648
679,2015-09-11,USD,3.7264
680,2015-09-14,USD,3.7124
681,2015-09-15,USD,3.7237999999999998
682,2015-09-16,USD,3.7315
683,2015-09-17,USD,3.7129000000000003
684,2015-09-18,USD,3.6738
685,2015-09-21,USD,3.708
686,2015-09-22,USD,3.7438000000000002
687,2015-09-23,USD,3.7801
688,2015-09-24,USD,3.7687
689,2015-09-25,USD,3.7818
690,2015-09-28,USD,3.7861000000000002
691,2015-09-29,USD,3.7799
692,2015-09-30,USD,3.7754000000000003
693,2015-10-01,USD,3.8005
694,2015-10-02,USD,3.8028
695,2015-10-05,USD,3.773
696,2015-10-06,USD,3.789
697,2015-10-07,USD,3.7604
698,2015-10-08,USD,3.7543
699,2015-10-09,USD,3.7242
700,2015-10-12,USD,3.7148
701,2015-10-13,USD,3.7199
702,2015-10-14,USD,3.7129000000000003
703,2015-10-15,USD,3.6948
704,2015-10-16,USD,3.7243
705,2015-10-19,USD,3.7265
706,2015-10-20,USD,3.7385
707,2015-10-21,USD,3.7627
708,2015-10-22,USD,3.7806
709,2015-10-23,USD,3.8200000000000003
710,2015-10-26,USD,3.8645
711,2015-10-27,USD,3.8669000000000002
712,2015-10-28,USD,3.8826
713,2015-10-29,USD,3.8974
714,2015-10-30,USD,3.8748
715,2015-11-02,USD,3.859
716,2015-11-03,USD,3.8678
717,2015-11-04,USD,3.8876
718,2015-11-05,USD,3.8925
719,2015-11-06,USD,3.9075
720,2015-11-09,USD,3.9605
721,2015-11-10,USD,3.957
722,2015-11-12,USD,3.9434
723,2015-11-13,USD,3.9388
724,2015-11-16,USD,3.9581
725,2015-11-17,USD,3.9775
726,2015-11-18,USD,3.9802
727,2015-11-19,USD,3.9754
728,2015-11-20,USD,3.9706
729,2015-11-23,USD,3.988
730,2015-11-24,USD,4.0021
731,2015-11-25,USD,4.0215
732,2015-11-26,USD,4.0298
733,2015-11-27,USD,4.0333
734,2015-11-30,USD,4.0304
735,2015-12-01,USD,4.0248
736,2015-12-02,USD,4.0305
737,2015-12-03,USD,4.04
738,2015-12-04,USD,3.9607
739,2015-12-07,USD,3.9853
740,2015-12-08,USD,3.9877000000000002
741,2015-12-09,USD,3.9705
742,2015-12-10,USD,3.9601
743,2015-12-11,USD,3.9718
744,2015-12-14,USD,3.9695
745,2015-12-15,USD,3.9523
746,2015-12-16,USD,3.9644
747,2015-12-17,USD,3.9646
748,2015-12-18,USD,3.9558
749,2015-12-21,USD,3.92
750,2015-12-22,USD,3.8787000000000003
751,2015-12-23,USD,3.8872
752,2015-12-24,USD,3.8695
753,2015-12-28,USD,3.8663
754,2015-12-29,USD,3.8659
755,2015-12-30,USD,3.8801
756,2015-12-31,USD,3.9011
757,2016-01-04,USD,3.9281
758,2016-01-05,USD,4.0073
759,2016-01-07,USD,4.0085
760,2016-01-08,USD,3.9963
761,2016-01-11,USD,4.0085
762,2016-01-12,USD,4.017
763,2016-01-13,USD,4.0068
764,2016-01-14,USD,3.999
765,2016-01-15,USD,4.0411
766,2016-01-18,USD,4.1133
767,2016-01-19,USD,4.0917
768,2016-01-20,USD,4.0877
769,2016-01-21,USD,4.1303
770,2016-01-22,USD,4.1031
771,2016-01-25,USD,4.1346
772,2016-01-26,USD,4.1475
773,2016-01-27,USD,4.1144
774,2016-01-28,USD,4.0872
775,2016-01-29,USD,4.0723
776,2016-02-01,USD,4.0638
777,2016-02-02,USD,4.0333
778,2016-02-03,USD,4.0325
779,2016-02-04,USD,3.9492000000000003
780,2016-02-05,USD,3.942
781,2016-02-08,USD,3.9525
782,2016-02-09,USD,3.9771
783,2016-02-10,USD,3.9383
784,2016-02-11,USD,3.9219
785,2016-02-12,USD,3.9074
786,2016-02-15,USD,3.922
787,2016-02-16,USD,3.9404
788,2016-02-17,USD,3.9431000000000003
789,2016-02-18,USD,3.9416
790,2016-02-19,USD,3.9531
791,2016-02-22,USD,3.9391
792,2016-02-23,USD,3.9671000000000003
793,2016-02-24,USD,3.9803
794,2016-02-25,USD,3.9705
795,2016-02-26,USD,3.9545
796,2016-02-29,USD,3.9935
797,2016-03-01,USD,3.9924
798,2016-03-02,USD,3.9861
799,2016-03-03,USD,3.9805
800,2016-03-04,USD,3.9545
801,2016-03-07,USD,3.9515000000000002
802,2016-03-08,USD,3.9333
803,2016-03-09,USD,3.9395
804,2016-03-10,USD,3.932
805,2016-03-11,USD,3.8903
806,2016-03-14,USD,3.847
807,2016-03-15,USD,3.8649
808,2016-03-16,USD,3.8749000000000002
809,2016-03-17,USD,3.8037
810,2016-03-18,USD,3.7882
811,2016-03-21,USD,3.7838000000000003
812,2016-03-22,USD,3.8005
813,2016-03-23,USD,3.801
814,2016-03-24,USD,3.824
815,2016-03-25,USD,3.8174
816,2016-03-29,USD,3.8037
817,2016-03-30,USD,3.7495000000000003
818,2016-03-31,USD,3.759
819,2016-04-01,USD,3.7193
820,2016-04-04,USD,3.7254
821,2016-04-05,USD,3.7337
822,2016-04-06,USD,3.751
823,2016-04-07,USD,3.7414
824,2016-04-08,USD,3.7701000000000002
825,2016-04-11,USD,3.7587
826,2016-04-12,USD,3.749
827,2016-04-13,USD,3.7771
828,2016-04-14,USD,3.8174
829,2016-04-15,USD,3.8176
830,2016-04-18,USD,3.801
831,2016-04-19,USD,3.7925
832,2016-04-20,USD,3.7842000000000002
833,2016-04-21,USD,3.7981
834,2016-04-22,USD,3.8399
835,2016-04-25,USD,3.8962
836,2016-04-26,USD,3.8935
837,2016-04-27,USD,3.8793
838,2016-04-28,USD,3.8695
839,2016-04-29,USD,3.8738
840,2016-05-02,USD,3.8195
841,2016-05-04,USD,3.83
842,2016-05-05,USD,3.8475
843,2016-05-06,USD,3.8732
844,2016-05-09,USD,3.873
845,2016-05-10,USD,3.8853
846,2016-05-11,USD,3.8855
847,2016-05-12,USD,3.8811
848,2016-05-13,USD,3.8775
849,2016-05-16,USD,3.8625
850,2016-05-17,USD,3.8508
851,2016-05-18,USD,3.9005
852,2016-05-19,USD,3.9161
853,2016-05-20,USD,3.9358
854,2016-05-23,USD,3.9513
855,2016-05-24,USD,3.9789
856,2016-05-25,USD,3.9684
857,2016-05-27,USD,3.9393000000000002
858,2016-05-30,USD,3.947
859,2016-05-31,USD,3.9369
860,2016-06-01,USD,3.935
861,2016-06-02,USD,3.9204
862,2016-06-03,USD,3.9384
863,2016-06-06,USD,3.8602
864,2016-06-07,USD,3.8298
865,2016-06-08,USD,3.815
866,2016-06-09,USD,3.8125999999999998
867,2016-06-10,USD,3.8545
868,2016-06-13,USD,3.8943000000000003
869,2016-06-14,USD,3.9483
870,2016-06-15,USD,3.9351000000000003
871,2016-06-16,USD,3.9469000000000003
872,2016-06-17,USD,3.9412000000000003
873,2016-06-20,USD,3.8724
874,2016-06-21,USD,3.8741
875,2016-06-22,USD,3.8945
876,2016-06-23,USD,3.8593
877,2016-06-24,USD,3.9994
878,2016-06-27,USD,4.0263
879,2016-06-28,USD,4.003
880,2016-06-29,USD,3.9905
881,2016-06-30,USD,3.9803
882,2016-07-01,USD,3.9548
883,2016-07-04,USD,3.9886
884,2016-07-05,USD,3.9963
885,2016-07-06,USD,4.0225
886,2016-07-07,USD,4.0036
887,2016-07-08,USD,4.0001
888,2016-07-11,USD,4.006
889,2016-07-12,USD,3.9807
890,2016-07-13,USD,3.9809
891,2016-07-14,USD,3.9681
892,2016-07-15,USD,3.9598
893,2016-07-18,USD,3.9853
894,2016-07-19,USD,3.9582
895,2016-07-20,USD,3.979
896,2016-07-21,USD,3.9685
897,2016-07-22,USD,3.9504
898,2016-07-25,USD,3.9697
899,2016-07-26,USD,3.9682
900,2016-07-27,USD,3.9739
901,2016-07-28,USD,3.9389000000000003
902,2016-07-29,USD,3.9364
903,2016-08-01,USD,3.904
904,2016-08-02,USD,3.882
905,2016-08-03,USD,3.8516
906,2016-08-04,USD,3.8588
907,2016-08-05,USD,3.8542
908,2016-08-08,USD,3.8706
909,2016-08-09,USD,3.8482000000000003
910,2016-08-10,USD,3.825
911,2016-08-11,USD,3.8297
912,2016-08-12,USD,3.8219000000000003
913,2016-08-16,USD,3.7929
914,2016-08-17,USD,3.8075
915,2016-08-18,USD,3.7826
916,2016-08-19,USD,3.7905
917,2016-08-22,USD,3.809
918,2016-08-23,USD,3.8061
919,2016-08-24,USD,3.8174
920,2016-08-25,USD,3.819
921,2016-08-26,USD,3.8327999999999998
922,2016-08-29,USD,3.8789
923,2016-08-30,USD,3.8858
924,2016-08-31,USD,3.9082
925,2016-09-01,USD,3.9116
926,2016-09-02,USD,3.9164
927,2016-09-05,USD,3.8937
928,2016-09-06,USD,3.8869
929,2016-09-07,USD,3.8515
930,2016-09-08,USD,3.8255
931,2016-09-09,USD,3.8385
932,2016-09-12,USD,3.8668
933,2016-09-13,USD,3.8734
934,2016-09-14,USD,3.8716
935,2016-09-15,USD,3.8587
936,2016-09-16,USD,3.8497
937,2016-09-19,USD,3.8586
938,2016-09-20,USD,3.8438
939,2016-09-21,USD,3.8601
940,2016-09-22,USD,3.8128
941,2016-09-23,USD,3.8327999999999998
942,2016-09-26,USD,3.8324
943,2016-09-27,USD,3.8227
944,2016-09-28,USD,3.8264
945,2016-09-29,USD,3.8354
946,2016-09-30,USD,3.8558
947,2016-10-03,USD,3.8252
948,2016-10-04,USD,3.8472
949,2016-10-05,USD,3.8307
950,2016-10-06,USD,3.8405
951,2016-10-07,USD,3.8505000000000003
952,2016-10-10,USD,3.8307
953,2016-10-11,USD,3.8487
954,2016-10-12,USD,3.8851
955,2016-10-13,USD,3.9164
956,2016-10-14,USD,3.8965
957,2016-10-17,USD,3.9265
958,2016-10-18,USD,3.9148
959,2016-10-19,USD,3.9285
960,2016-10-20,USD,3.9359
961,2016-10-21,USD,3.98
962,2016-10-24,USD,3.9690000000000003
963,2016-10-25,USD,3.9543
964,2016-10-26,USD,3.9516999999999998
965,2016-10-27,USD,3.976
966,2016-10-28,USD,3.9696
967,2016-10-31,USD,3.9488000000000003
968,2016-11-02,USD,3.8954
969,2016-11-03,USD,3.8965
970,2016-11-04,USD,3.8862
971,2016-11-07,USD,3.9132
972,2016-11-08,USD,3.9169
973,2016-11-09,USD,3.9305
974,2016-11-10,USD,3.9856
975,2016-11-14,USD,4.0805
976,2016-11-15,USD,4.0837
977,2016-11-16,USD,4.138
978,2016-11-17,USD,4.1375
979,2016-11-18,USD,4.1968
980,2016-11-21,USD,4.1748
981,2016-11-22,USD,4.1507
982,2016-11-23,USD,4.1588
983,2016-11-24,USD,4.188
984,2016-11-25,USD,4.1628
985,2016-11-28,USD,4.1521
986,2016-11-29,USD,4.1827
987,2016-11-30,USD,4.1721
988,2016-12-01,USD,4.1987
989,2016-12-02,USD,4.215
990,2016-12-05,USD,4.2213
991,2016-12-06,USD,4.1825
992,2016-12-07,USD,4.1268
993,2016-12-08,USD,4.1107
994,2016-12-09,USD,4.1772
995,2016-12-12,USD,4.209
996,2016-12-13,USD,4.1905
997,2016-12-14,USD,4.1768
998,2016-12-15,USD,4.2329
999,2016-12-16,USD,4.2296
1000,2016-12-19,USD,4.2255
1001,2016-12-20,USD,4.2493
1002,2016-12-21,USD,4.2484
1003,2016-12-22,USD,4.2222
1004,2016-12-23,USD,4.2199
1005,2016-12-27,USD,4.212
1006,2016-12-28,USD,4.226
1007,2016-12-29,USD,4.2161
1008,2016-12-30,USD,4.1793
1009,2017-01-02,USD,4.2106
1010,2017-01-03,USD,4.2271
1011,2017-01-04,USD,4.2037
1012,2017-01-05,USD,4.1667
1013,2017-01-09,USD,4.1592
1014,2017-01-10,USD,4.127
1015,2017-01-11,USD,4.1465
1016,2017-01-12,USD,4.1103
1017,2017-01-13,USD,4.1084
1018,2017-01-16,USD,4.1354
1019,2017-01-17,USD,4.0989
1020,2017-01-18,USD,4.087
1021,2017-01-19,USD,4.1014
1022,2017-01-20,USD,4.1005
1023,2017-01-23,USD,4.076
1024,2017-01-24,USD,4.0708
1025,2017-01-25,USD,4.0585
1026,2017-01-26,USD,4.059
1027,2017-01-27,USD,4.0595
1028,2017-01-30,USD,4.0472
1029,2017-01-31,USD,4.0446
1030,2017-02-01,USD,4.0071
1031,2017-02-02,USD,3.9835000000000003
1032,2017-02-03,USD,4.0014
1033,2017-02-06,USD,3.9892000000000003
1034,2017-02-07,USD,4.028
1035,2017-02-08,USD,4.0521
1036,2017-02-09,USD,4.0332
1037,2017-02-10,USD,4.0435
1038,2017-02-13,USD,4.0496
1039,2017-02-14,USD,4.0525
1040,2017-02-15,USD,4.0752
1041,2017-02-16,USD,4.0567
1042,2017-02-17,USD,4.0693
1043,2017-02-20,USD,4.0692
1044,2017-02-21,USD,4.0942
1045,2017-02-22,USD,4.0899
1046,2017-02-23,USD,4.084
1047,2017-02-24,USD,4.0681
1048,2017-02-27,USD,4.0745
1049,2017-02-28,USD,4.077
1050,2017-03-01,USD,4.0756
1051,2017-03-02,USD,4.0765
1052,2017-03-03,USD,4.0955
1053,2017-03-06,USD,4.0663
1054,2017-03-07,USD,4.0803
1055,2017-03-08,USD,4.0818
1056,2017-03-09,USD,4.0864
1057,2017-03-10,USD,4.0761
1058,2017-03-13,USD,4.0747
1059,2017-03-14,USD,4.0697
1060,2017-03-15,USD,4.0646
1061,2017-03-16,USD,4.03
1062,2017-03-17,USD,3.9917
1063,2017-03-20,USD,3.9821
1064,2017-03-21,USD,3.9502
1065,2017-03-22,USD,3.9731
1066,2017-03-23,USD,3.9687
1067,2017-03-24,USD,3.9481
1068,2017-03-27,USD,3.9259
1069,2017-03-28,USD,3.9169
1070,2017-03-29,USD,3.9265
1071,2017-03-30,USD,3.9402
1072,2017-03-31,USD,3.9455
1073,2017-04-03,USD,3.9664
1074,2017-04-04,USD,3.989
1075,2017-04-05,USD,3.9783
1076,2017-04-06,USD,3.9792
1077,2017-04-07,USD,3.9755000000000003
1078,2017-04-10,USD,3.9956
1079,2017-04-11,USD,4.0009
1080,2017-04-12,USD,4.0026
1081,2017-04-13,USD,3.9886
1082,2017-04-14,USD,3.9911000000000003
1083,2017-04-18,USD,3.98
1084,2017-04-19,USD,3.9571
1085,2017-04-20,USD,3.9588
1086,2017-04-21,USD,3.9841
1087,2017-04-24,USD,3.906
1088,2017-04-25,USD,3.8873
1089,2017-04-26,USD,3.8757
1090,2017-04-27,USD,3.8776
1091,2017-04-28,USD,3.8696
1092,2017-05-02,USD,3.8675
1093,2017-05-04,USD,3.863
1094,2017-05-05,USD,3.849
1095,2017-05-08,USD,3.8391
1096,2017-05-09,USD,3.8741
1097,2017-05-10,USD,3.8777
1098,2017-05-11,USD,3.8744
1099,2017-05-12,USD,3.8837
1100,2017-05-15,USD,3.8463000000000003
1101,2017-05-16,USD,3.7932
1102,2017-05-17,USD,3.7808
1103,2017-05-18,USD,3.7926
1104,2017-05-19,USD,3.7735000000000003
1105,2017-05-22,USD,3.7526
1106,2017-05-23,USD,3.7354000000000003
1107,2017-05-24,USD,3.7535
1108,2017-05-25,USD,3.7177
1109,2017-05-26,USD,3.7248
1110,2017-05-29,USD,3.7371
1111,2017-05-30,USD,3.7471
1112,2017-05-31,USD,3.7354000000000003
1113,2017-06-01,USD,3.7262
1114,2017-06-02,USD,3.7323
1115,2017-06-05,USD,3.7066
1116,2017-06-06,USD,3.725
1117,2017-06-07,USD,3.7241
1118,2017-06-08,USD,3.74
1119,2017-06-09,USD,3.7465
1120,2017-06-12,USD,3.735
1121,2017-06-13,USD,3.7379
1122,2017-06-14,USD,3.7497
1123,2017-06-16,USD,3.7749
1124,2017-06-19,USD,3.7615
1125,2017-06-20,USD,3.7862
1126,2017-06-21,USD,3.809
1127,2017-06-22,USD,3.8002000000000002
1128,2017-06-23,USD,3.7824
1129,2017-06-26,USD,3.7653
1130,2017-06-27,USD,3.7442
1131,2017-06-28,USD,3.7249
1132,2017-06-29,USD,3.7122
1133,2017-06-30,USD,3.7062
1134,2017-07-03,USD,3.7196
1135,2017-07-04,USD,3.7372
1136,2017-07-05,USD,3.7471
1137,2017-07-06,USD,3.7351
1138,2017-07-07,USD,3.7068
1139,2017-07-10,USD,3.716
1140,2017-07-11,USD,3.7235
1141,2017-07-12,USD,3.7034000000000002
1142,2017-07-13,USD,3.7133000000000003
1143,2017-07-14,USD,3.6986
1144,2017-07-17,USD,3.6767000000000003
1145,2017-07-18,USD,3.6469
1146,2017-07-19,USD,3.6486
1147,2017-07-20,USD,3.6604
1148,2017-07-21,USD,3.632
1149,2017-07-24,USD,3.6395
1150,2017-07-25,USD,3.6519
1151,2017-07-26,USD,3.6661
1152,2017-07-27,USD,3.6366
1153,2017-07-28,USD,3.6406
1154,2017-07-31,USD,3.6264000000000003
1155,2017-08-01,USD,3.5991
1156,2017-08-02,USD,3.5863
1157,2017-08-03,USD,3.5918
1158,2017-08-04,USD,3.5702
1159,2017-08-07,USD,3.5995
1160,2017-08-08,USD,3.6027
1161,2017-08-09,USD,3.6342
1162,2017-08-10,USD,3.6432
1163,2017-08-11,USD,3.6449
1164,2017-08-14,USD,3.6278
1165,2017-08-16,USD,3.6435
1166,2017-08-17,USD,3.6258
1167,2017-08-18,USD,3.6459
1168,2017-08-21,USD,3.6408
1169,2017-08-22,USD,3.6334
1170,2017-08-23,USD,3.6274
1171,2017-08-24,USD,3.6329000000000002
1172,2017-08-25,USD,3.6112
1173,2017-08-28,USD,3.5736
1174,2017-08-29,USD,3.5372
1175,2017-08-30,USD,3.5678
1176,2017-08-31,USD,3.5822000000000003
1177,2017-09-01,USD,3.5693
1178,2017-09-04,USD,3.5718
1179,2017-09-05,USD,3.5642
1180,2017-09-06,USD,3.5538
1181,2017-09-07,USD,3.5511
1182,2017-09-08,USD,3.5239000000000003
1183,2017-09-11,USD,3.5293
1184,2017-09-12,USD,3.5552
1185,2017-09-13,USD,3.5627
1186,2017-09-14,USD,3.5984
1187,2017-09-15,USD,3.5863
1188,2017-09-18,USD,3.5881
1189,2017-09-19,USD,3.5821
1190,2017-09-20,USD,3.5619
1191,2017-09-21,USD,3.5975
1192,2017-09-22,USD,3.5651
1193,2017-09-25,USD,3.5866
1194,2017-09-26,USD,3.6234
1195,2017-09-27,USD,3.665
1196,2017-09-28,USD,3.6682
1197,2017-09-29,USD,3.6519
1198,2017-10-02,USD,3.6726
1199,2017-10-03,USD,3.6737
1200,2017-10-04,USD,3.6597
1201,2017-10-05,USD,3.6502
1202,2017-10-06,USD,3.6799
1203,2017-10-09,USD,3.6743
1204,2017-10-10,USD,3.6468
1205,2017-10-11,USD,3.6219
1206,2017-10-12,USD,3.6
1207,2017-10-13,USD,3.601
1208,2017-10-16,USD,3.6004
1209,2017-10-17,USD,3.5964
1210,2017-10-18,USD,3.6006
1211,2017-10-19,USD,3.5896
1212,2017-10-20,USD,3.5966
1213,2017-10-23,USD,3.6061
1214,2017-10-24,USD,3.6031
1215,2017-10-25,USD,3.6006
1216,2017-10-26,USD,3.5939
1217,2017-10-27,USD,3.6568
1218,2017-10-30,USD,3.643
1219,2017-10-31,USD,3.6529
1220,2017-11-02,USD,3.6366
1221,2017-11-03,USD,3.6408
1222,2017-11-06,USD,3.6585
1223,2017-11-07,USD,3.6652
1224,2017-11-08,USD,3.6595
1225,2017-11-09,USD,3.6466000000000003
1226,2017-11-10,USD,3.6274
1227,2017-11-13,USD,3.6382
1228,2017-11-14,USD,3.6126
1229,2017-11-15,USD,3.5886
1230,2017-11-16,USD,3.5958
1231,2017-11-17,USD,3.5965
1232,2017-11-20,USD,3.5909
1233,2017-11-21,USD,3.606
1234,2017-11-22,USD,3.5881
1235,2017-11-23,USD,3.5557
1236,2017-11-24,USD,3.5486
1237,2017-11-27,USD,3.5276
1238,2017-11-28,USD,3.5382
1239,2017-11-29,USD,3.5385
1240,2017-11-30,USD,3.5543
1241,2017-12-01,USD,3.5352
1242,2017-12-04,USD,3.5499
1243,2017-12-05,USD,3.5454
1244,2017-12-06,USD,3.5653
1245,2017-12-07,USD,3.5722
1246,2017-12-08,USD,3.5808
1247,2017-12-11,USD,3.5633
1248,2017-12-12,USD,3.5708
1249,2017-12-13,USD,3.588
1250,2017-12-14,USD,3.5716
1251,2017-12-15,USD,3.5786
1252,2017-12-18,USD,3.574
1253,2017-12-19,USD,3.5583
1254,2017-12-20,USD,3.5459
1255,2017-12-21,USD,3.5369
1256,2017-12-22,USD,3.5393
1257,2017-12-27,USD,3.5253
1258,2017-12-28,USD,3.5046
1259,2017-12-29,USD,3.4813
1260,2018-01-02,USD,3.4546
1261,2018-01-03,USD,3.4616
1262,2018-01-04,USD,3.4472
1263,2018-01-05,USD,3.4488
1264,2018-01-08,USD,3.4735
1265,2018-01-09,USD,3.4992
1266,2018-01-10,USD,3.4999000000000002
1267,2018-01-11,USD,3.495
1268,2018-01-12,USD,3.4366
1269,2018-01-15,USD,3.401
1270,2018-01-16,USD,3.419
1271,2018-01-17,USD,3.4109
1272,2018-01-18,USD,3.4108
1273,2018-01-19,USD,3.3994
1274,2018-01-22,USD,3.4036
1275,2018-01-23,USD,3.4084
1276,2018-01-24,USD,3.375
1277,2018-01-25,USD,3.3376
1278,2018-01-26,USD,3.3299
1279,2018-01-29,USD,3.3375
1280,2018-01-30,USD,3.3442
1281,2018-01-31,USD,3.3318
1282,2018-02-01,USD,3.3346
1283,2018-02-02,USD,3.3329
1284,2018-02-05,USD,3.3375
1285,2018-02-06,USD,3.3498
1286,2018-02-07,USD,3.3677
1287,2018-02-08,USD,3.4119
1288,2018-02-09,USD,3.4263
1289,2018-02-12,USD,3.4122
1290,2018-02-13,USD,3.3916
1291,2018-02-14,USD,3.3769
1292,2018-02-15,USD,3.3259
1293,2018-02-16,USD,3.3173
1294,2018-02-19,USD,3.3411
1295,2018-02-20,USD,3.3597
1296,2018-02-21,USD,3.3697
1297,2018-02-22,USD,3.4009
1298,2018-02-23,USD,3.3911
1299,2018-02-26,USD,3.3799
1300,2018-02-27,USD,3.3816
1301,2018-02-28,USD,3.4188
1302,2018-03-01,USD,3.4356
1303,2018-03-02,USD,3.42
1304,2018-03-05,USD,3.3995
1305,2018-03-06,USD,3.3936
1306,2018-03-07,USD,3.3744
1307,2018-03-08,USD,3.3935
1308,2018-03-09,USD,3.4132
1309,2018-03-12,USD,3.4066
1310,2018-03-13,USD,3.4143
1311,2018-03-14,USD,3.4055
1312,2018-03-15,USD,3.4117
1313,2018-03-16,USD,3.4214
1314,2018-03-19,USD,3.4341
1315,2018-03-20,USD,3.4296
1316,2018-03-21,USD,3.4544
1317,2018-03-22,USD,3.4264
1318,2018-03-23,USD,3.4319
1319,2018-03-26,USD,3.4145
1320,2018-03-27,USD,3.3921
1321,2018-03-28,USD,3.3956
1322,2018-03-29,USD,3.4201
1323,2018-03-30,USD,3.4139
1324,2018-04-03,USD,3.4177
1325,2018-04-04,USD,3.4224
1326,2018-04-05,USD,3.4301
1327,2018-04-06,USD,3.4314999999999998
1328,2018-04-09,USD,3.4173999999999998
1329,2018-04-10,USD,3.4068
1330,2018-04-11,USD,3.3859
1331,2018-04-12,USD,3.3924
1332,2018-04-13,USD,3.3862
1333,2018-04-16,USD,3.3666
1334,2018-04-17,USD,3.3572
1335,2018-04-18,USD,3.3721
1336,2018-04-19,USD,3.3693
1337,2018-04-20,USD,3.3881
1338,2018-04-23,USD,3.4156
1339,2018-04-24,USD,3.4401
1340,2018-04-25,USD,3.4548
1341,2018-04-26,USD,3.4827
1342,2018-04-27,USD,3.5003
1343,2018-04-30,USD,3.4868
1344,2018-05-02,USD,3.5563000000000002
1345,2018-05-04,USD,3.5754
1346,2018-05-07,USD,3.5634
1347,2018-05-08,USD,3.5884
1348,2018-05-09,USD,3.609
1349,2018-05-10,USD,3.5773
1350,2018-05-11,USD,3.5708
1351,2018-05-14,USD,3.5558
1352,2018-05-15,USD,3.5931
1353,2018-05-16,USD,3.6241
1354,2018-05-17,USD,3.6283000000000003
1355,2018-05-18,USD,3.6385
1356,2018-05-21,USD,3.6615
1357,2018-05-22,USD,3.6252
1358,2018-05-23,USD,3.6693
1359,2018-05-24,USD,3.659
1360,2018-05-25,USD,3.6686
1361,2018-05-28,USD,3.6849
1362,2018-05-29,USD,3.7298999999999998
1363,2018-05-30,USD,3.72
1364,2018-06-01,USD,3.6934
1365,2018-06-04,USD,3.6665
1366,2018-06-05,USD,3.6569000000000003
1367,2018-06-06,USD,3.6470000000000002
1368,2018-06-07,USD,3.6062000000000003
1369,2018-06-08,USD,3.6479
1370,2018-06-11,USD,3.6247
1371,2018-06-12,USD,3.6271
1372,2018-06-13,USD,3.6461
1373,2018-06-14,USD,3.6155
1374,2018-06-15,USD,3.6922
1375,2018-06-18,USD,3.7003
1376,2018-06-19,USD,3.7316000000000003
1377,2018-06-20,USD,3.7352
1378,2018-06-21,USD,3.7607
1379,2018-06-22,USD,3.6977
1380,2018-06-25,USD,3.7087
1381,2018-06-26,USD,3.7151
1382,2018-06-27,USD,3.7351
1383,2018-06-28,USD,3.7705
1384,2018-06-29,USD,3.7439999999999998
1385,2018-07-02,USD,3.7702999999999998
1386,2018-07-03,USD,3.7723
1387,2018-07-04,USD,3.7759
1388,2018-07-05,USD,3.7485
1389,2018-07-06,USD,3.7222
1390,2018-07-09,USD,3.685
1391,2018-07-10,USD,3.6973000000000003
1392,2018-07-11,USD,3.7
1393,2018-07-12,USD,3.7055
1394,2018-07-13,USD,3.7244
1395,2018-07-16,USD,3.6828000000000003
1396,2018-07-17,USD,3.6619
1397,2018-07-18,USD,3.7031
1398,2018-07-19,USD,3.7163
1399,2018-07-20,USD,3.717
1400,2018-07-23,USD,3.6957
1401,2018-07-24,USD,3.702
1402,2018-07-25,USD,3.6793
1403,2018-07-26,USD,3.6649000000000003
1404,2018-07-27,USD,3.6936999999999998
1405,2018-07-30,USD,3.6684
1406,2018-07-31,USD,3.6481
1407,2018-08-01,USD,3.6603
1408,2018-08-02,USD,3.6783
1409,2018-08-03,USD,3.6926
1410,2018-08-06,USD,3.692
1411,2018-08-07,USD,3.6722
1412,2018-08-08,USD,3.6782
1413,2018-08-09,USD,3.6846
1414,2018-08-10,USD,3.7481
1415,2018-08-13,USD,3.7862
1416,2018-08-14,USD,3.7768
1417,2018-08-16,USD,3.7871
1418,2018-08-17,USD,3.7784
1419,2018-08-20,USD,3.7695
1420,2018-08-21,USD,3.7375
1421,2018-08-22,USD,3.7104
1422,2018-08-23,USD,3.7069
1423,2018-08-24,USD,3.7014
1424,2018-08-27,USD,3.682
1425,2018-08-28,USD,3.6548
1426,2018-08-29,USD,3.6747
1427,2018-08-30,USD,3.6724
1428,2018-08-31,USD,3.6808
1429,2018-09-03,USD,3.6991
1430,2018-09-04,USD,3.7241
1431,2018-09-05,USD,3.733
1432,2018-09-06,USD,3.7143
1433,2018-09-07,USD,3.6995
1434,2018-09-10,USD,3.7283
1435,2018-09-11,USD,3.7087
1436,2018-09-12,USD,3.7198
1437,2018-09-13,USD,3.713
1438,2018-09-14,USD,3.6817
1439,2018-09-17,USD,3.6875999999999998
1440,2018-09-18,USD,3.6817
1441,2018-09-19,USD,3.6685
1442,2018-09-20,USD,3.6702
1443,2018-09-21,USD,3.6402
1444,2018-09-24,USD,3.662
1445,2018-09-25,USD,3.6511
1446,2018-09-26,USD,3.643
1447,2018-09-27,USD,3.6557
1448,2018-09-28,USD,3.6754
1449,2018-10-01,USD,3.6867
1450,2018-10-02,USD,3.7326
1451,2018-10-03,USD,3.7103
1452,2018-10-04,USD,3.7512
1453,2018-10-05,USD,3.7518000000000002
1454,2018-10-08,USD,3.7574
1455,2018-10-09,USD,3.7629
1456,2018-10-10,USD,3.7507
1457,2018-10-11,USD,3.7399
1458,2018-10-12,USD,3.713
1459,2018-10-15,USD,3.7091000000000003
1460,2018-10-16,USD,3.7036
1461,2018-10-17,USD,3.7123
1462,2018-10-18,USD,3.7302
1463,2018-10-19,USD,3.7601
1464,2018-10-22,USD,3.7273
1465,2018-10-23,USD,3.7485
1466,2018-10-24,USD,3.7698
1467,2018-10-25,USD,3.7796000000000003
1468,2018-10-26,USD,3.7899000000000003
1469,2018-10-29,USD,3.793
1470,2018-10-30,USD,3.8062
1471,2018-10-31,USD,3.8203
1472,2018-11-02,USD,3.7804
1473,2018-11-05,USD,3.7907
1474,2018-11-06,USD,3.7802
1475,2018-11-07,USD,3.7398
1476,2018-11-08,USD,3.7599
1477,2018-11-09,USD,3.7838000000000003
1478,2018-11-12,USD,3.8163
1479,2018-11-13,USD,3.8268
1480,2018-11-14,USD,3.8114
1481,2018-11-15,USD,3.8074
1482,2018-11-16,USD,3.7876000000000003
1483,2018-11-19,USD,3.784
1484,2018-11-20,USD,3.79
1485,2018-11-21,USD,3.7829
1486,2018-11-22,USD,3.7764
1487,2018-11-23,USD,3.7779
1488,2018-11-26,USD,3.7701000000000002
1489,2018-11-27,USD,3.7948
1490,2018-11-28,USD,3.8114
1491,2018-11-29,USD,3.7728
1492,2018-11-30,USD,3.7731
1493,2018-12-03,USD,3.7672
1494,2018-12-04,USD,3.7516
1495,2018-12-05,USD,3.7832
1496,2018-12-06,USD,3.7843999999999998
1497,2018-12-07,USD,3.7694
1498,2018-12-10,USD,3.76
1499,2018-12-11,USD,3.7763
1500,2018-12-12,USD,3.7934
1501,2018-12-13,USD,3.7739000000000003
1502,2018-12-14,USD,3.8095
1503,2018-12-17,USD,3.7871
1504,2018-12-18,USD,3.7668
1505,2018-12-19,USD,3.7619
1506,2018-12-20,USD,3.7331000000000003
1507,2018-12-21,USD,3.7528
1508,2018-12-24,USD,3.7588
1509,2018-12-27,USD,3.7616
1510,2018-12-28,USD,3.755
1511,2018-12-31,USD,3.7597
1512,2019-01-02,USD,3.7619
1513,2019-01-03,USD,3.7827
1514,2019-01-04,USD,3.7720000000000002
1515,2019-01-07,USD,3.7575000000000003
1516,2019-01-08,USD,3.7559
1517,2019-01-09,USD,3.7509
1518,2019-01-10,USD,3.7359999999999998
1519,2019-01-11,USD,3.7289
1520,2019-01-14,USD,3.7458
1521,2019-01-15,USD,3.7542
1522,2019-01-16,USD,3.7619
1523,2019-01-17,USD,3.7615
1524,2019-01-18,USD,3.7694
1525,2019-01-21,USD,3.7751
1526,2019-01-22,USD,3.7727
1527,2019-01-23,USD,3.7747
1528,2019-01-24,USD,3.7843999999999998
1529,2019-01-25,USD,3.7893
1530,2019-01-28,USD,3.7592
1531,2019-01-29,USD,3.7563
1532,2019-01-30,USD,3.7577
1533,2019-01-31,USD,3.7271
1534,2019-02-01,USD,3.7243
1535,2013-01-02,EUR,4.0671
1536,2013-01-03,EUR,4.077
1537,2013-01-04,EUR,4.1248
1538,2013-01-07,EUR,4.1218
1539,2013-01-08,EUR,4.1263
1540,2013-01-09,EUR,4.1192
1541,2013-01-10,EUR,4.076
1542,2013-01-11,EUR,4.0996
1543,2013-01-14,EUR,4.1231
1544,2013-01-15,EUR,4.1151
1545,2013-01-16,EUR,4.128
1546,2013-01-17,EUR,4.1178
1547,2013-01-18,EUR,4.1294
1548,2013-01-21,EUR,4.1762
1549,2013-01-22,EUR,4.17
1550,2013-01-23,EUR,4.1591000000000005
1551,2013-01-24,EUR,4.1964
1552,2013-01-25,EUR,4.1903
1553,2013-01-28,EUR,4.1805
1554,2013-01-29,EUR,4.1969
1555,2013-01-30,EUR,4.1858
1556,2013-01-31,EUR,4.187
1557,2013-02-01,EUR,4.2028
1558,2013-02-04,EUR,4.1515
1559,2013-02-05,EUR,4.17
1560,2013-02-06,EUR,4.1801
1561,2013-02-07,EUR,4.1882
1562,2013-02-08,EUR,4.167
1563,2013-02-11,EUR,4.1519
1564,2013-02-12,EUR,4.1686
1565,2013-02-13,EUR,4.1781
1566,2013-02-14,EUR,4.1715
1567,2013-02-15,EUR,4.1852
1568,2013-02-18,EUR,4.193
1569,2013-02-19,EUR,4.1863
1570,2013-02-20,EUR,4.1602
1571,2013-02-21,EUR,4.176
1572,2013-02-22,EUR,4.1574
1573,2013-02-25,EUR,4.158
1574,2013-02-26,EUR,4.1613
1575,2013-02-27,EUR,4.1658
1576,2013-02-28,EUR,4.157
1577,2013-03-01,EUR,4.1432
1578,2013-03-04,EUR,4.135
1579,2013-03-05,EUR,4.1361
1580,2013-03-06,EUR,4.1269
1581,2013-03-07,EUR,4.1472
1582,2013-03-08,EUR,4.1497
1583,2013-03-11,EUR,4.139
1584,2013-03-12,EUR,4.15
1585,2013-03-13,EUR,4.1484
1586,2013-03-14,EUR,4.1448
1587,2013-03-15,EUR,4.1595
1588,2013-03-18,EUR,4.1505
1589,2013-03-19,EUR,4.1465
1590,2013-03-20,EUR,4.1538
1591,2013-03-21,EUR,4.1805
1592,2013-03-22,EUR,4.186
1593,2013-03-25,EUR,4.1586
1594,2013-03-26,EUR,4.1723
1595,2013-03-27,EUR,4.1779
1596,2013-03-28,EUR,4.1866
1597,2013-03-29,EUR,4.1774000000000004
1598,2013-04-02,EUR,4.1813
1599,2013-04-03,EUR,4.1898
1600,2013-04-04,EUR,4.1898
1601,2013-04-05,EUR,4.182
1602,2013-04-08,EUR,4.1495
1603,2013-04-09,EUR,4.1298
1604,2013-04-10,EUR,4.1135
1605,2013-04-11,EUR,4.1061
1606,2013-04-12,EUR,4.12
1607,2013-04-15,EUR,4.1125
1608,2013-04-16,EUR,4.1178
1609,2013-04-17,EUR,4.1097
1610,2013-04-18,EUR,4.115
1611,2013-04-19,EUR,4.1118
1612,2013-04-22,EUR,4.1025
1613,2013-04-23,EUR,4.1293
1614,2013-04-24,EUR,4.1403
1615,2013-04-25,EUR,4.1518
1616,2013-04-26,EUR,4.1588
1617,2013-04-29,EUR,4.1501
1618,2013-04-30,EUR,4.1429
1619,2013-05-02,EUR,4.1485
1620,2013-05-06,EUR,4.1479
1621,2013-05-07,EUR,4.155
1622,2013-05-08,EUR,4.1487
1623,2013-05-09,EUR,4.1285
1624,2013-05-10,EUR,4.1417
1625,2013-05-13,EUR,4.157
1626,2013-05-14,EUR,4.1606
1627,2013-05-15,EUR,4.1725
1628,2013-05-16,EUR,4.1822
1629,2013-05-17,EUR,4.1834
1630,2013-05-20,EUR,4.1683
1631,2013-05-21,EUR,4.182
1632,2013-05-22,EUR,4.1813
1633,2013-05-23,EUR,4.202
1634,2013-05-24,EUR,4.2049
1635,2013-05-27,EUR,4.195
1636,2013-05-28,EUR,4.1912
1637,2013-05-29,EUR,4.2315
1638,2013-05-31,EUR,4.2902000000000005
1639,2013-06-03,EUR,4.2786
1640,2013-06-04,EUR,4.252
1641,2013-06-05,EUR,4.2349
1642,2013-06-06,EUR,4.2742
1643,2013-06-07,EUR,4.3061
1644,2013-06-10,EUR,4.2571
1645,2013-06-11,EUR,4.2756
1646,2013-06-12,EUR,4.2555
1647,2013-06-13,EUR,4.2685
1648,2013-06-14,EUR,4.218
1649,2013-06-17,EUR,4.2316
1650,2013-06-18,EUR,4.2406
1651,2013-06-19,EUR,4.2563
1652,2013-06-20,EUR,4.3237
1653,2013-06-21,EUR,4.3284
1654,2013-06-24,EUR,4.3432
1655,2013-06-25,EUR,4.3118
1656,2013-06-26,EUR,4.3348
1657,2013-06-27,EUR,4.3314
1658,2013-06-28,EUR,4.3292
1659,2013-07-01,EUR,4.3323
1660,2013-07-02,EUR,4.3265
1661,2013-07-03,EUR,4.3416
1662,2013-07-04,EUR,4.3213
1663,2013-07-05,EUR,4.2824
1664,2013-07-08,EUR,4.3105
1665,2013-07-09,EUR,4.3234
1666,2013-07-10,EUR,4.324
1667,2013-07-11,EUR,4.3345
1668,2013-07-12,EUR,4.3295
1669,2013-07-15,EUR,4.2922
1670,2013-07-16,EUR,4.2788
1671,2013-07-17,EUR,4.2624
1672,2013-07-18,EUR,4.2453
1673,2013-07-19,EUR,4.2457
1674,2013-07-22,EUR,4.2296
1675,2013-07-23,EUR,4.2186
1676,2013-07-24,EUR,4.209
1677,2013-07-25,EUR,4.2387
1678,2013-07-26,EUR,4.2295
1679,2013-07-29,EUR,4.2319
1680,2013-07-30,EUR,4.2202
1681,2013-07-31,EUR,4.2427
1682,2013-08-01,EUR,4.2339
1683,2013-08-02,EUR,4.2558
1684,2013-08-05,EUR,4.2211
1685,2013-08-06,EUR,4.2107
1686,2013-08-07,EUR,4.2153
1687,2013-08-08,EUR,4.2045
1688,2013-08-09,EUR,4.194
1689,2013-08-12,EUR,4.1927
1690,2013-08-13,EUR,4.1874
1691,2013-08-14,EUR,4.1994
1692,2013-08-16,EUR,4.223
1693,2013-08-19,EUR,4.248
1694,2013-08-20,EUR,4.2468
1695,2013-08-21,EUR,4.244
1696,2013-08-22,EUR,4.2477
1697,2013-08-23,EUR,4.2323
1698,2013-08-26,EUR,4.232
1699,2013-08-27,EUR,4.2473
1700,2013-08-28,EUR,4.2555
1701,2013-08-29,EUR,4.2812
1702,2013-08-30,EUR,4.2654
1703,2013-09-02,EUR,4.2507
1704,2013-09-03,EUR,4.272
1705,2013-09-04,EUR,4.2673
1706,2013-09-05,EUR,4.2805
1707,2013-09-06,EUR,4.2975
1708,2013-09-09,EUR,4.27
1709,2013-09-10,EUR,4.2637
1710,2013-09-11,EUR,4.2408
1711,2013-09-12,EUR,4.2238
1712,2013-09-13,EUR,4.211
1713,2013-09-16,EUR,4.1961
1714,2013-09-17,EUR,4.2144
1715,2013-09-18,EUR,4.2302
1716,2013-09-19,EUR,4.179
1717,2013-09-20,EUR,4.2144
1718,2013-09-23,EUR,4.2268
1719,2013-09-24,EUR,4.2291
1720,2013-09-25,EUR,4.2153
1721,2013-09-26,EUR,4.2262
1722,2013-09-27,EUR,4.231
1723,2013-09-30,EUR,4.2163
1724,2013-10-01,EUR,4.223
1725,2013-10-02,EUR,4.2231
1726,2013-10-03,EUR,4.2105
1727,2013-10-04,EUR,4.2065
1728,2013-10-07,EUR,4.2088
1729,2013-10-08,EUR,4.1896
1730,2013-10-09,EUR,4.201
1731,2013-10-10,EUR,4.1918
1732,2013-10-11,EUR,4.1861
1733,2013-10-14,EUR,4.1925
1734,2013-10-15,EUR,4.1855
1735,2013-10-16,EUR,4.1755
1736,2013-10-17,EUR,4.1738
1737,2013-10-18,EUR,4.1769
1738,2013-10-21,EUR,4.185
1739,2013-10-22,EUR,4.1786
1740,2013-10-23,EUR,4.18
1741,2013-10-24,EUR,4.1812
1742,2013-10-25,EUR,4.191
1743,2013-10-28,EUR,4.1805
1744,2013-10-29,EUR,4.1893
1745,2013-10-30,EUR,4.1869
1746,2013-10-31,EUR,4.1766
1747,2013-11-04,EUR,4.1816
1748,2013-11-05,EUR,4.1805
1749,2013-11-06,EUR,4.1728
1750,2013-11-07,EUR,4.1696
1751,2013-11-08,EUR,4.1799
1752,2013-11-12,EUR,4.2066
1753,2013-11-13,EUR,4.2061
1754,2013-11-14,EUR,4.189
1755,2013-11-15,EUR,4.189
1756,2013-11-18,EUR,4.1805
1757,2013-11-19,EUR,4.1789
1758,2013-11-20,EUR,4.1847
1759,2013-11-21,EUR,4.1933
1760,2013-11-22,EUR,4.1995000000000005
1761,2013-11-25,EUR,4.193
1762,2013-11-26,EUR,4.1935
1763,2013-11-27,EUR,4.2038
1764,2013-11-28,EUR,4.1988
1765,2013-11-29,EUR,4.1998
1766,2013-12-02,EUR,4.1965
1767,2013-12-03,EUR,4.2032
1768,2013-12-04,EUR,4.2011
1769,2013-12-05,EUR,4.1974
1770,2013-12-06,EUR,4.1925
1771,2013-12-09,EUR,4.1883
1772,2013-12-10,EUR,4.1822
1773,2013-12-11,EUR,4.1803
1774,2013-12-12,EUR,4.1878
1775,2013-12-13,EUR,4.1844
1776,2013-12-16,EUR,4.1784
1777,2013-12-17,EUR,4.1788
1778,2013-12-18,EUR,4.18
1779,2013-12-19,EUR,4.17
1780,2013-12-20,EUR,4.1652000000000005
1781,2013-12-23,EUR,4.1638
1782,2013-12-24,EUR,4.1512
1783,2013-12-27,EUR,4.1538
1784,2013-12-30,EUR,4.1513
1785,2013-12-31,EUR,4.1472
1786,2014-01-02,EUR,4.1631
1787,2014-01-03,EUR,4.1645
1788,2014-01-07,EUR,4.1798
1789,2014-01-08,EUR,4.1789
1790,2014-01-09,EUR,4.1776
1791,2014-01-10,EUR,4.1745
1792,2014-01-13,EUR,4.16
1793,2014-01-14,EUR,4.1565
1794,2014-01-15,EUR,4.1522
1795,2014-01-16,EUR,4.1647
1796,2014-01-17,EUR,4.1601
1797,2014-01-20,EUR,4.1586
1798,2014-01-21,EUR,4.1647
1799,2014-01-22,EUR,4.1669
1800,2014-01-23,EUR,4.1679
1801,2014-01-24,EUR,4.2014
1802,2014-01-27,EUR,4.2291
1803,2014-01-28,EUR,4.1827
1804,2014-01-29,EUR,4.2155
1805,2014-01-30,EUR,4.2365
1806,2014-01-31,EUR,4.2368
1807,2014-02-03,EUR,4.2375
1808,2014-02-04,EUR,4.214
1809,2014-02-05,EUR,4.1887
1810,2014-02-06,EUR,4.186
1811,2014-02-07,EUR,4.1865
1812,2014-02-10,EUR,4.1822
1813,2014-02-11,EUR,4.1798
1814,2014-02-12,EUR,4.1686
1815,2014-02-13,EUR,4.1752
1816,2014-02-14,EUR,4.153
1817,2014-02-17,EUR,4.145
1818,2014-02-18,EUR,4.1584
1819,2014-02-19,EUR,4.1638
1820,2014-02-20,EUR,4.178
1821,2014-02-21,EUR,4.1681
1822,2014-02-24,EUR,4.1638
1823,2014-02-25,EUR,4.1595
1824,2014-02-26,EUR,4.1584
1825,2014-02-27,EUR,4.1851
1826,2014-02-28,EUR,4.1602
1827,2014-03-03,EUR,4.1978
1828,2014-03-04,EUR,4.1926
1829,2014-03-05,EUR,4.186
1830,2014-03-06,EUR,4.1788
1831,2014-03-07,EUR,4.1893
1832,2014-03-10,EUR,4.1991
1833,2014-03-11,EUR,4.2171
1834,2014-03-12,EUR,4.229
1835,2014-03-13,EUR,4.2277000000000005
1836,2014-03-14,EUR,4.2334
1837,2014-03-17,EUR,4.2295
1838,2014-03-18,EUR,4.2295
1839,2014-03-19,EUR,4.2065
1840,2014-03-20,EUR,4.2089
1841,2014-03-21,EUR,4.197
1842,2014-03-24,EUR,4.199
1843,2014-03-25,EUR,4.191
1844,2014-03-26,EUR,4.1835
1845,2014-03-27,EUR,4.1826
1846,2014-03-28,EUR,4.1677
1847,2014-03-31,EUR,4.1713000000000005
1848,2014-04-01,EUR,4.1765
1849,2014-04-02,EUR,4.1774000000000004
1850,2014-04-03,EUR,4.1738
1851,2014-04-04,EUR,4.1657
1852,2014-04-07,EUR,4.1748
1853,2014-04-08,EUR,4.1684
1854,2014-04-09,EUR,4.1675
1855,2014-04-10,EUR,4.171
1856,2014-04-11,EUR,4.1784
1857,2014-04-14,EUR,4.1855
1858,2014-04-15,EUR,4.184
1859,2014-04-16,EUR,4.1925
1860,2014-04-17,EUR,4.1968
1861,2014-04-18,EUR,4.182
1862,2014-04-22,EUR,4.189
1863,2014-04-23,EUR,4.1914
1864,2014-04-24,EUR,4.1893
1865,2014-04-25,EUR,4.203
1866,2014-04-28,EUR,4.2112
1867,2014-04-29,EUR,4.2053
1868,2014-04-30,EUR,4.1994
1869,2014-05-02,EUR,4.199
1870,2014-05-05,EUR,4.2056000000000004
1871,2014-05-06,EUR,4.2051
1872,2014-05-07,EUR,4.2003
1873,2014-05-08,EUR,4.1865
1874,2014-05-09,EUR,4.1787
1875,2014-05-12,EUR,4.1797
1876,2014-05-13,EUR,4.1815
1877,2014-05-14,EUR,4.1828
1878,2014-05-15,EUR,4.1824
1879,2014-05-16,EUR,4.1935
1880,2014-05-19,EUR,4.1884
1881,2014-05-20,EUR,4.1905
1882,2014-05-21,EUR,4.1885
1883,2014-05-22,EUR,4.1755
1884,2014-05-23,EUR,4.1524
1885,2014-05-26,EUR,4.156
1886,2014-05-27,EUR,4.1655
1887,2014-05-28,EUR,4.1678
1888,2014-05-29,EUR,4.1385
1889,2014-05-30,EUR,4.142
1890,2014-06-02,EUR,4.1355
1891,2014-06-03,EUR,4.1392
1892,2014-06-04,EUR,4.1527
1893,2014-06-05,EUR,4.1215
1894,2014-06-06,EUR,4.1211
1895,2014-06-09,EUR,4.0998
1896,2014-06-10,EUR,4.109
1897,2014-06-11,EUR,4.1157
1898,2014-06-12,EUR,4.1096
1899,2014-06-13,EUR,4.1231
1900,2014-06-16,EUR,4.146
1901,2014-06-17,EUR,4.1398
1902,2014-06-18,EUR,4.1463
1903,2014-06-20,EUR,4.1506
1904,2014-06-23,EUR,4.1603
1905,2014-06-24,EUR,4.1587
1906,2014-06-25,EUR,4.1437
1907,2014-06-26,EUR,4.1358
1908,2014-06-27,EUR,4.1528
1909,2014-06-30,EUR,4.1609
1910,2014-07-01,EUR,4.155
1911,2014-07-02,EUR,4.15
1912,2014-07-03,EUR,4.1536
1913,2014-07-04,EUR,4.1435
1914,2014-07-07,EUR,4.1472
1915,2014-07-08,EUR,4.1401
1916,2014-07-09,EUR,4.1272
1917,2014-07-10,EUR,4.1341
1918,2014-07-11,EUR,4.1419
1919,2014-07-14,EUR,4.139
1920,2014-07-15,EUR,4.1433
1921,2014-07-16,EUR,4.131
1922,2014-07-17,EUR,4.1378
1923,2014-07-18,EUR,4.1479
1924,2014-07-21,EUR,4.1521
1925,2014-07-22,EUR,4.1464
1926,2014-07-23,EUR,4.1355
1927,2014-07-24,EUR,4.1398
1928,2014-07-25,EUR,4.1459
1929,2014-07-28,EUR,4.147
1930,2014-07-29,EUR,4.1524
1931,2014-07-30,EUR,4.1517
1932,2014-07-31,EUR,4.164
1933,2014-08-01,EUR,4.1887
1934,2014-08-04,EUR,4.1783
1935,2014-08-05,EUR,4.1679
1936,2014-08-06,EUR,4.194
1937,2014-08-07,EUR,4.199
1938,2014-08-08,EUR,4.2184
1939,2014-08-11,EUR,4.1998
1940,2014-08-12,EUR,4.2025
1941,2014-08-13,EUR,4.198
1942,2014-08-14,EUR,4.18
1943,2014-08-18,EUR,4.1951
1944,2014-08-19,EUR,4.1871
1945,2014-08-20,EUR,4.1838
1946,2014-08-21,EUR,4.1893
1947,2014-08-22,EUR,4.1874
1948,2014-08-25,EUR,4.1814
1949,2014-08-26,EUR,4.18
1950,2014-08-27,EUR,4.188
1951,2014-08-28,EUR,4.2043
1952,2014-08-29,EUR,4.2129
1953,2014-09-01,EUR,4.2099
1954,2014-09-02,EUR,4.212
1955,2014-09-03,EUR,4.1937
1956,2014-09-04,EUR,4.2
1957,2014-09-05,EUR,4.1908
1958,2014-09-08,EUR,4.1824
1959,2014-09-09,EUR,4.1978
1960,2014-09-10,EUR,4.207
1961,2014-09-11,EUR,4.1935
1962,2014-09-12,EUR,4.1957
1963,2014-09-15,EUR,4.2028
1964,2014-09-16,EUR,4.197
1965,2014-09-17,EUR,4.1899
1966,2014-09-18,EUR,4.188
1967,2014-09-19,EUR,4.186
1968,2014-09-22,EUR,4.1845
1969,2014-09-23,EUR,4.1775
1970,2014-09-24,EUR,4.1785
1971,2014-09-25,EUR,4.1757
1972,2014-09-26,EUR,4.1781
1973,2014-09-29,EUR,4.1843
1974,2014-09-30,EUR,4.1755
1975,2014-10-01,EUR,4.1792
1976,2014-10-02,EUR,4.178
1977,2014-10-03,EUR,4.1789
1978,2014-10-06,EUR,4.1829
1979,2014-10-07,EUR,4.1825
1980,2014-10-08,EUR,4.1856
1981,2014-10-09,EUR,4.1826
1982,2014-10-10,EUR,4.1795
1983,2014-10-13,EUR,4.1901
1984,2014-10-14,EUR,4.1993
1985,2014-10-15,EUR,4.2089
1986,2014-10-16,EUR,4.2223
1987,2014-10-17,EUR,4.2293
1988,2014-10-20,EUR,4.2232
1989,2014-10-21,EUR,4.2263
1990,2014-10-22,EUR,4.2228
1991,2014-10-23,EUR,4.228
1992,2014-10-24,EUR,4.2245
1993,2014-10-27,EUR,4.2229
1994,2014-10-28,EUR,4.2268
1995,2014-10-29,EUR,4.2248
1996,2014-10-30,EUR,4.228
1997,2014-10-31,EUR,4.2043
1998,2014-11-03,EUR,4.2209
1999,2014-11-04,EUR,4.2253
2000,2014-11-05,EUR,4.231
2001,2014-11-06,EUR,4.225
2002,2014-11-07,EUR,4.2243
2003,2014-11-10,EUR,4.2163
2004,2014-11-12,EUR,4.2247
2005,2014-11-13,EUR,4.2203
2006,2014-11-14,EUR,4.229
2007,2014-11-17,EUR,4.2255
2008,2014-11-18,EUR,4.218
2009,2014-11-19,EUR,4.217
2010,2014-11-20,EUR,4.2155
2011,2014-11-21,EUR,4.2088
2012,2014-11-24,EUR,4.1977
2013,2014-11-25,EUR,4.1916
2014,2014-11-26,EUR,4.18
2015,2014-11-27,EUR,4.1807
2016,2014-11-28,EUR,4.1814
2017,2014-12-01,EUR,4.1788
2018,2014-12-02,EUR,4.162
2019,2014-12-03,EUR,4.1574
2020,2014-12-04,EUR,4.1538
2021,2014-12-05,EUR,4.1585
2022,2014-12-08,EUR,4.1655
2023,2014-12-09,EUR,4.1594
2024,2014-12-10,EUR,4.1595
2025,2014-12-11,EUR,4.1749
2026,2014-12-12,EUR,4.1805
2027,2014-12-15,EUR,4.1761
2028,2014-12-16,EUR,4.1935
2029,2014-12-17,EUR,4.2286
2030,2014-12-18,EUR,4.2365
2031,2014-12-19,EUR,4.2705
2032,2014-12-22,EUR,4.2625
2033,2014-12-23,EUR,4.2743
2034,2014-12-24,EUR,4.306
2035,2014-12-29,EUR,4.3053
2036,2014-12-30,EUR,4.3138
2037,2014-12-31,EUR,4.2623
2038,2015-01-02,EUR,4.3078
2039,2015-01-05,EUR,4.3008
2040,2015-01-07,EUR,4.3115
2041,2015-01-08,EUR,4.2985
2042,2015-01-09,EUR,4.2837
2043,2015-01-12,EUR,4.2782
2044,2015-01-13,EUR,4.2802
2045,2015-01-14,EUR,4.2885
2046,2015-01-15,EUR,4.2897
2047,2015-01-16,EUR,4.322
2048,2015-01-19,EUR,4.3165
2049,2015-01-20,EUR,4.3335
2050,2015-01-21,EUR,4.3218
2051,2015-01-22,EUR,4.2997
2052,2015-01-23,EUR,4.2354
2053,2015-01-26,EUR,4.2293
2054,2015-01-27,EUR,4.2285
2055,2015-01-28,EUR,4.2348
2056,2015-01-29,EUR,4.2344
2057,2015-01-30,EUR,4.2081
2058,2015-02-02,EUR,4.1762
2059,2015-02-03,EUR,4.1812
2060,2015-02-04,EUR,4.1712
2061,2015-02-05,EUR,4.1739
2062,2015-02-06,EUR,4.1695
2063,2015-02-09,EUR,4.176
2064,2015-02-10,EUR,4.2017
2065,2015-02-11,EUR,4.1999
2066,2015-02-12,EUR,4.1884
2067,2015-02-13,EUR,4.1783
2068,2015-02-16,EUR,4.1812
2069,2015-02-17,EUR,4.1904
2070,2015-02-18,EUR,4.1905
2071,2015-02-19,EUR,4.177
2072,2015-02-20,EUR,4.18
2073,2015-02-23,EUR,4.1777
2074,2015-02-24,EUR,4.1763
2075,2015-02-25,EUR,4.1668
2076,2015-02-26,EUR,4.1542
2077,2015-02-27,EUR,4.1495
2078,2015-03-02,EUR,4.1559
2079,2015-03-03,EUR,4.1557
2080,2015-03-04,EUR,4.1723
2081,2015-03-05,EUR,4.1415
2082,2015-03-06,EUR,4.1292
2083,2015-03-09,EUR,4.1259
2084,2015-03-10,EUR,4.1233
2085,2015-03-11,EUR,4.1435
2086,2015-03-12,EUR,4.1251
2087,2015-03-13,EUR,4.1529
2088,2015-03-16,EUR,4.1373
2089,2015-03-17,EUR,4.1397
2090,2015-03-18,EUR,4.145
2091,2015-03-19,EUR,4.123
2092,2015-03-20,EUR,4.1255
2093,2015-03-23,EUR,4.1287
2094,2015-03-24,EUR,4.109
2095,2015-03-25,EUR,4.0927
2096,2015-03-26,EUR,4.0886
2097,2015-03-27,EUR,4.0993
2098,2015-03-30,EUR,4.094
2099,2015-03-31,EUR,4.089
2100,2015-04-01,EUR,4.0665
2101,2015-04-02,EUR,4.064
2102,2015-04-03,EUR,4.0748
2103,2015-04-07,EUR,4.0615
2104,2015-04-08,EUR,4.034
2105,2015-04-09,EUR,4.0198
2106,2015-04-10,EUR,4.0198
2107,2015-04-13,EUR,4.0198
2108,2015-04-14,EUR,4.0088
2109,2015-04-15,EUR,4.0083
2110,2015-04-16,EUR,4.014
2111,2015-04-17,EUR,4.033
2112,2015-04-20,EUR,4.0112
2113,2015-04-21,EUR,3.9822
2114,2015-04-22,EUR,4.0015
2115,2015-04-23,EUR,4.0075
2116,2015-04-24,EUR,4.0161
2117,2015-04-27,EUR,4.0214
2118,2015-04-28,EUR,4.0075
2119,2015-04-29,EUR,4.006
2120,2015-04-30,EUR,4.0337
2121,2015-05-04,EUR,4.0465
2122,2015-05-05,EUR,4.0179
2123,2015-05-06,EUR,4.0552
2124,2015-05-07,EUR,4.0685
2125,2015-05-08,EUR,4.0552
2126,2015-05-11,EUR,4.0767
2127,2015-05-12,EUR,4.103
2128,2015-05-13,EUR,4.0765
2129,2015-05-14,EUR,4.0945
2130,2015-05-15,EUR,4.0587
2131,2015-05-18,EUR,4.0468
2132,2015-05-19,EUR,4.0465
2133,2015-05-20,EUR,4.0606
2134,2015-05-21,EUR,4.0836
2135,2015-05-22,EUR,4.098
2136,2015-05-25,EUR,4.1149000000000004
2137,2015-05-26,EUR,4.1279
2138,2015-05-27,EUR,4.1405
2139,2015-05-28,EUR,4.1419
2140,2015-05-29,EUR,4.1301
2141,2015-06-01,EUR,4.126
2142,2015-06-02,EUR,4.1374
2143,2015-06-03,EUR,4.1307
2144,2015-06-05,EUR,4.16
2145,2015-06-08,EUR,4.1559
2146,2015-06-09,EUR,4.1705
2147,2015-06-10,EUR,4.1602
2148,2015-06-11,EUR,4.1481
2149,2015-06-12,EUR,4.1423
2150,2015-06-15,EUR,4.1486
2151,2015-06-16,EUR,4.1595
2152,2015-06-17,EUR,4.1535
2153,2015-06-18,EUR,4.1615
2154,2015-06-19,EUR,4.1715
2155,2015-06-22,EUR,4.1724
2156,2015-06-23,EUR,4.1637
2157,2015-06-24,EUR,4.164
2158,2015-06-25,EUR,4.1737
2159,2015-06-26,EUR,4.1764
2160,2015-06-29,EUR,4.1893
2161,2015-06-30,EUR,4.1944
2162,2015-07-01,EUR,4.1923
2163,2015-07-02,EUR,4.1935
2164,2015-07-03,EUR,4.1896
2165,2015-07-06,EUR,4.199
2166,2015-07-07,EUR,4.2026
2167,2015-07-08,EUR,4.2213
2168,2015-07-09,EUR,4.2277000000000005
2169,2015-07-10,EUR,4.1905
2170,2015-07-13,EUR,4.155
2171,2015-07-14,EUR,4.1545
2172,2015-07-15,EUR,4.1319
2173,2015-07-16,EUR,4.1111
2174,2015-07-17,EUR,4.1021
2175,2015-07-20,EUR,4.1083
2176,2015-07-21,EUR,4.1112
2177,2015-07-22,EUR,4.1174
2178,2015-07-23,EUR,4.1285
2179,2015-07-24,EUR,4.1195
2180,2015-07-27,EUR,4.1495
2181,2015-07-28,EUR,4.128
2182,2015-07-29,EUR,4.1452
2183,2015-07-30,EUR,4.1429
2184,2015-07-31,EUR,4.1488
2185,2015-08-03,EUR,4.136
2186,2015-08-04,EUR,4.1463
2187,2015-08-05,EUR,4.1655
2188,2015-08-06,EUR,4.1798
2189,2015-08-07,EUR,4.1868
2190,2015-08-10,EUR,4.1933
2191,2015-08-11,EUR,4.2035
2192,2015-08-12,EUR,4.2093
2193,2015-08-13,EUR,4.1822
2194,2015-08-14,EUR,4.1849
2195,2015-08-17,EUR,4.1775
2196,2015-08-18,EUR,4.1616
2197,2015-08-19,EUR,4.169
2198,2015-08-20,EUR,4.1946
2199,2015-08-21,EUR,4.2014
2200,2015-08-24,EUR,4.239
2201,2015-08-25,EUR,4.2309
2202,2015-08-26,EUR,4.2381
2203,2015-08-27,EUR,4.2255
2204,2015-08-28,EUR,4.2325
2205,2015-08-31,EUR,4.2344
2206,2015-09-01,EUR,4.2297
2207,2015-09-02,EUR,4.244
2208,2015-09-03,EUR,4.2314
2209,2015-09-04,EUR,4.229
2210,2015-09-07,EUR,4.2335
2211,2015-09-08,EUR,4.236
2212,2015-09-09,EUR,4.2129
2213,2015-09-10,EUR,4.2153
2214,2015-09-11,EUR,4.208
2215,2015-09-14,EUR,4.209
2216,2015-09-15,EUR,4.2094
2217,2015-09-16,EUR,4.1994
2218,2015-09-17,EUR,4.2065
2219,2015-09-18,EUR,4.2059
2220,2015-09-21,EUR,4.1896
2221,2015-09-22,EUR,4.1924
2222,2015-09-23,EUR,4.2007
2223,2015-09-24,EUR,4.22
2224,2015-09-25,EUR,4.2115
2225,2015-09-28,EUR,4.2334
2226,2015-09-29,EUR,4.2434
2227,2015-09-30,EUR,4.2386
2228,2015-10-01,EUR,4.2437
2229,2015-10-02,EUR,4.2451
2230,2015-10-05,EUR,4.2475
2231,2015-10-06,EUR,4.2453
2232,2015-10-07,EUR,4.2272
2233,2015-10-08,EUR,4.2405
2234,2015-10-09,EUR,4.217
2235,2015-10-12,EUR,4.2273
2236,2015-10-13,EUR,4.2336
2237,2015-10-14,EUR,4.2365
2238,2015-10-15,EUR,4.2295
2239,2015-10-16,EUR,4.2315
2240,2015-10-19,EUR,4.2342
2241,2015-10-20,EUR,4.2472
2242,2015-10-21,EUR,4.2745
2243,2015-10-22,EUR,4.2769
2244,2015-10-23,EUR,4.252
2245,2015-10-26,EUR,4.2605
2246,2015-10-27,EUR,4.2709
2247,2015-10-28,EUR,4.2902000000000005
2248,2015-10-29,EUR,4.2732
2249,2015-10-30,EUR,4.2652
2250,2015-11-02,EUR,4.249
2251,2015-11-03,EUR,4.2495
2252,2015-11-04,EUR,4.2455
2253,2015-11-05,EUR,4.2306
2254,2015-11-06,EUR,4.2458
2255,2015-11-09,EUR,4.2651
2256,2015-11-10,EUR,4.2485
2257,2015-11-12,EUR,4.2245
2258,2015-11-13,EUR,4.2362
2259,2015-11-16,EUR,4.2472
2260,2015-11-17,EUR,4.2433
2261,2015-11-18,EUR,4.2509
2262,2015-11-19,EUR,4.2477
2263,2015-11-20,EUR,4.2441
2264,2015-11-23,EUR,4.2395
2265,2015-11-24,EUR,4.2609
2266,2015-11-25,EUR,4.268
2267,2015-11-26,EUR,4.2763
2268,2015-11-27,EUR,4.2692
2269,2015-11-30,EUR,4.2639
2270,2015-12-01,EUR,4.2651
2271,2015-12-02,EUR,4.2815
2272,2015-12-03,EUR,4.2665
2273,2015-12-04,EUR,4.3141
2274,2015-12-07,EUR,4.3111
2275,2015-12-08,EUR,4.3282
2276,2015-12-09,EUR,4.3402
2277,2015-12-10,EUR,4.344
2278,2015-12-11,EUR,4.3471
2279,2015-12-14,EUR,4.35
2280,2015-12-15,EUR,4.358
2281,2015-12-16,EUR,4.3304
2282,2015-12-17,EUR,4.3048
2283,2015-12-18,EUR,4.2816
2284,2015-12-21,EUR,4.2545
2285,2015-12-22,EUR,4.2411
2286,2015-12-23,EUR,4.246
2287,2015-12-24,EUR,4.2411
2288,2015-12-28,EUR,4.2448
2289,2015-12-29,EUR,4.244
2290,2015-12-30,EUR,4.2423
2291,2015-12-31,EUR,4.2615
2292,2016-01-04,EUR,4.2935
2293,2016-01-05,EUR,4.3176
2294,2016-01-07,EUR,4.3475
2295,2016-01-08,EUR,4.3457
2296,2016-01-11,EUR,4.3635
2297,2016-01-12,EUR,4.3621
2298,2016-01-13,EUR,4.3345
2299,2016-01-14,EUR,4.3605
2300,2016-01-15,EUR,4.4075
2301,2016-01-18,EUR,4.4835
2302,2016-01-19,EUR,4.449
2303,2016-01-20,EUR,4.4659
2304,2016-01-21,EUR,4.4987
2305,2016-01-22,EUR,4.446
2306,2016-01-25,EUR,4.472
2307,2016-01-26,EUR,4.4961
2308,2016-01-27,EUR,4.473
2309,2016-01-28,EUR,4.4588
2310,2016-01-29,EUR,4.4405
2311,2016-02-01,EUR,4.4104
2312,2016-02-02,EUR,4.4015
2313,2016-02-03,EUR,4.4024
2314,2016-02-04,EUR,4.4078
2315,2016-02-05,EUR,4.4135
2316,2016-02-08,EUR,4.4185
2317,2016-02-09,EUR,4.449
2318,2016-02-10,EUR,4.4366
2319,2016-02-11,EUR,4.4407
2320,2016-02-12,EUR,4.4136
2321,2016-02-15,EUR,4.396
2322,2016-02-16,EUR,4.4042
2323,2016-02-17,EUR,4.3905
2324,2016-02-18,EUR,4.3902
2325,2016-02-19,EUR,4.383
2326,2016-02-22,EUR,4.3655
2327,2016-02-23,EUR,4.3655
2328,2016-02-24,EUR,4.372
2329,2016-02-25,EUR,4.3739
2330,2016-02-26,EUR,4.357
2331,2016-02-29,EUR,4.3589
2332,2016-03-01,EUR,4.3365
2333,2016-03-02,EUR,4.3333
2334,2016-03-03,EUR,4.325
2335,2016-03-04,EUR,4.334
2336,2016-03-07,EUR,4.3292
2337,2016-03-08,EUR,4.3325
2338,2016-03-09,EUR,4.3215
2339,2016-03-10,EUR,4.3131
2340,2016-03-11,EUR,4.3225999999999996
2341,2016-03-14,EUR,4.2813
2342,2016-03-15,EUR,4.2824
2343,2016-03-16,EUR,4.298
2344,2016-03-17,EUR,4.2989
2345,2016-03-18,EUR,4.2705
2346,2016-03-21,EUR,4.2603
2347,2016-03-22,EUR,4.259
2348,2016-03-23,EUR,4.2533
2349,2016-03-24,EUR,4.2715
2350,2016-03-25,EUR,4.263
2351,2016-03-29,EUR,4.2535
2352,2016-03-30,EUR,4.2445
2353,2016-03-31,EUR,4.2684
2354,2016-04-01,EUR,4.2387
2355,2016-04-04,EUR,4.2355
2356,2016-04-05,EUR,4.2452
2357,2016-04-06,EUR,4.2577
2358,2016-04-07,EUR,4.2600999999999996
2359,2016-04-08,EUR,4.293
2360,2016-04-11,EUR,4.2826
2361,2016-04-12,EUR,4.2867
2362,2016-04-13,EUR,4.2827
2363,2016-04-14,EUR,4.3016
2364,2016-04-15,EUR,4.3
2365,2016-04-18,EUR,4.2978
2366,2016-04-19,EUR,4.2977
2367,2016-04-20,EUR,4.3004
2368,2016-04-21,EUR,4.2885
2369,2016-04-22,EUR,4.3283000000000005
2370,2016-04-25,EUR,4.386
2371,2016-04-26,EUR,4.3978
2372,2016-04-27,EUR,4.3926
2373,2016-04-28,EUR,4.394
2374,2016-04-29,EUR,4.4078
2375,2016-05-02,EUR,4.3842
2376,2016-05-04,EUR,4.3992
2377,2016-05-05,EUR,4.4003
2378,2016-05-06,EUR,4.4236
2379,2016-05-09,EUR,4.4123
2380,2016-05-10,EUR,4.4275
2381,2016-05-11,EUR,4.4241
2382,2016-05-12,EUR,4.4275
2383,2016-05-13,EUR,4.4016
2384,2016-05-16,EUR,4.3727
2385,2016-05-17,EUR,4.361
2386,2016-05-18,EUR,4.3937
2387,2016-05-19,EUR,4.396
2388,2016-05-20,EUR,4.4163
2389,2016-05-23,EUR,4.4293
2390,2016-05-24,EUR,4.4482
2391,2016-05-25,EUR,4.4238
2392,2016-05-27,EUR,4.4063
2393,2016-05-30,EUR,4.3945
2394,2016-05-31,EUR,4.382
2395,2016-06-01,EUR,4.3895
2396,2016-06-02,EUR,4.3944
2397,2016-06-03,EUR,4.3913
2398,2016-06-06,EUR,4.3835
2399,2016-06-07,EUR,4.3533
2400,2016-06-08,EUR,4.3377
2401,2016-06-09,EUR,4.3334
2402,2016-06-10,EUR,4.3558
2403,2016-06-13,EUR,4.39
2404,2016-06-14,EUR,4.4363
2405,2016-06-15,EUR,4.4155
2406,2016-06-16,EUR,4.4445
2407,2016-06-17,EUR,4.4363
2408,2016-06-20,EUR,4.3945
2409,2016-06-21,EUR,4.3935
2410,2016-06-22,EUR,4.39
2411,2016-06-23,EUR,4.3806
2412,2016-06-24,EUR,4.4526
2413,2016-06-27,EUR,4.4485
2414,2016-06-28,EUR,4.4244
2415,2016-06-29,EUR,4.414
2416,2016-06-30,EUR,4.4255
2417,2016-07-01,EUR,4.3921
2418,2016-07-04,EUR,4.4304
2419,2016-07-05,EUR,4.4501
2420,2016-07-06,EUR,4.4469
2421,2016-07-07,EUR,4.438
2422,2016-07-08,EUR,4.4295
2423,2016-07-11,EUR,4.417
2424,2016-07-12,EUR,4.4224
2425,2016-07-13,EUR,4.4016
2426,2016-07-14,EUR,4.407
2427,2016-07-15,EUR,4.4121
2428,2016-07-18,EUR,4.4032
2429,2016-07-19,EUR,4.3811
2430,2016-07-20,EUR,4.3776
2431,2016-07-21,EUR,4.3706
2432,2016-07-22,EUR,4.3564
2433,2016-07-25,EUR,4.36
2434,2016-07-26,EUR,4.3694
2435,2016-07-27,EUR,4.3695
2436,2016-07-28,EUR,4.3736
2437,2016-07-29,EUR,4.3684
2438,2016-08-01,EUR,4.3576
2439,2016-08-02,EUR,4.3484
2440,2016-08-03,EUR,4.3135
2441,2016-08-04,EUR,4.2971
2442,2016-08-05,EUR,4.2975
2443,2016-08-08,EUR,4.2912
2444,2016-08-09,EUR,4.2693
2445,2016-08-10,EUR,4.2632
2446,2016-08-11,EUR,4.2674
2447,2016-08-12,EUR,4.2626
2448,2016-08-16,EUR,4.27
2449,2016-08-17,EUR,4.2863
2450,2016-08-18,EUR,4.2837
2451,2016-08-19,EUR,4.2884
2452,2016-08-22,EUR,4.303
2453,2016-08-23,EUR,4.3139
2454,2016-08-24,EUR,4.3116
2455,2016-08-25,EUR,4.3095
2456,2016-08-26,EUR,4.327
2457,2016-08-29,EUR,4.3395
2458,2016-08-30,EUR,4.3395
2459,2016-08-31,EUR,4.3555
2460,2016-09-01,EUR,4.3607
2461,2016-09-02,EUR,4.3796
2462,2016-09-05,EUR,4.348
2463,2016-09-06,EUR,4.3396
2464,2016-09-07,EUR,4.3289
2465,2016-09-08,EUR,4.3122
2466,2016-09-09,EUR,4.3264
2467,2016-09-12,EUR,4.346
2468,2016-09-13,EUR,4.352
2469,2016-09-14,EUR,4.3455
2470,2016-09-15,EUR,4.3356
2471,2016-09-16,EUR,4.3244
2472,2016-09-19,EUR,4.3071
2473,2016-09-20,EUR,4.3019
2474,2016-09-21,EUR,4.3034
2475,2016-09-22,EUR,4.2856
2476,2016-09-23,EUR,4.2939
2477,2016-09-26,EUR,4.3075
2478,2016-09-27,EUR,4.2972
2479,2016-09-28,EUR,4.2918
2480,2016-09-29,EUR,4.3014
2481,2016-09-30,EUR,4.312
2482,2016-10-03,EUR,4.2976
2483,2016-10-04,EUR,4.2984
2484,2016-10-05,EUR,4.3014
2485,2016-10-06,EUR,4.2974
2486,2016-10-07,EUR,4.2853
2487,2016-10-10,EUR,4.2835
2488,2016-10-11,EUR,4.2767
2489,2016-10-12,EUR,4.2825
2490,2016-10-13,EUR,4.3065
2491,2016-10-14,EUR,4.2955
2492,2016-10-17,EUR,4.3142
2493,2016-10-18,EUR,4.3137
2494,2016-10-19,EUR,4.3204
2495,2016-10-20,EUR,4.3189
2496,2016-10-21,EUR,4.33
2497,2016-10-24,EUR,4.3225
2498,2016-10-25,EUR,4.3058
2499,2016-10-26,EUR,4.3178
2500,2016-10-27,EUR,4.3388
2501,2016-10-28,EUR,4.3293
2502,2016-10-31,EUR,4.3267
2503,2016-11-02,EUR,4.3169
2504,2016-11-03,EUR,4.3238
2505,2016-11-04,EUR,4.3133
2506,2016-11-07,EUR,4.3283000000000005
2507,2016-11-08,EUR,4.3285
2508,2016-11-09,EUR,4.3455
2509,2016-11-10,EUR,4.3424
2510,2016-11-14,EUR,4.3892
2511,2016-11-15,EUR,4.4098
2512,2016-11-16,EUR,4.4345
2513,2016-11-17,EUR,4.4386
2514,2016-11-18,EUR,4.4484
2515,2016-11-21,EUR,4.439
2516,2016-11-22,EUR,4.4199
2517,2016-11-23,EUR,4.4131
2518,2016-11-24,EUR,4.4261
2519,2016-11-25,EUR,4.4106
2520,2016-11-28,EUR,4.4190000000000005
2521,2016-11-29,EUR,4.4328
2522,2016-11-30,EUR,4.4384
2523,2016-12-01,EUR,4.462
2524,2016-12-02,EUR,4.4885
2525,2016-12-05,EUR,4.4897
2526,2016-12-06,EUR,4.5035
2527,2016-12-07,EUR,4.4232
2528,2016-12-08,EUR,4.4401
2529,2016-12-09,EUR,4.4385
2530,2016-12-12,EUR,4.4583
2531,2016-12-13,EUR,4.4505
2532,2016-12-14,EUR,4.4389
2533,2016-12-15,EUR,4.4453
2534,2016-12-16,EUR,4.4253
2535,2016-12-19,EUR,4.4157
2536,2016-12-20,EUR,4.4128
2537,2016-12-21,EUR,4.418
2538,2016-12-22,EUR,4.4089
2539,2016-12-23,EUR,4.4126
2540,2016-12-27,EUR,4.4022
2541,2016-12-28,EUR,4.4127
2542,2016-12-29,EUR,4.4131
2543,2016-12-30,EUR,4.424
2544,2017-01-02,EUR,4.4157
2545,2017-01-03,EUR,4.4002
2546,2017-01-04,EUR,4.3877
2547,2017-01-05,EUR,4.3766
2548,2017-01-09,EUR,4.3783
2549,2017-01-10,EUR,4.3735
2550,2017-01-11,EUR,4.3684
2551,2017-01-12,EUR,4.3728
2552,2017-01-13,EUR,4.373
2553,2017-01-16,EUR,4.3792
2554,2017-01-17,EUR,4.3771
2555,2017-01-18,EUR,4.3705
2556,2017-01-19,EUR,4.3741
2557,2017-01-20,EUR,4.3658
2558,2017-01-23,EUR,4.3725
2559,2017-01-24,EUR,4.372
2560,2017-01-25,EUR,4.3636
2561,2017-01-26,EUR,4.352
2562,2017-01-27,EUR,4.3413
2563,2017-01-30,EUR,4.3291
2564,2017-01-31,EUR,4.3308
2565,2017-02-01,EUR,4.3221
2566,2017-02-02,EUR,4.3084
2567,2017-02-03,EUR,4.2985
2568,2017-02-06,EUR,4.2864
2569,2017-02-07,EUR,4.2943
2570,2017-02-08,EUR,4.3128
2571,2017-02-09,EUR,4.3162
2572,2017-02-10,EUR,4.303
2573,2017-02-13,EUR,4.3077
2574,2017-02-14,EUR,4.3025
2575,2017-02-15,EUR,4.3025
2576,2017-02-16,EUR,4.316
2577,2017-02-17,EUR,4.3314
2578,2017-02-20,EUR,4.3227
2579,2017-02-21,EUR,4.3163
2580,2017-02-22,EUR,4.2977
2581,2017-02-23,EUR,4.3076
2582,2017-02-24,EUR,4.3102
2583,2017-02-27,EUR,4.3135
2584,2017-02-28,EUR,4.3166
2585,2017-03-01,EUR,4.297
2586,2017-03-02,EUR,4.2912
2587,2017-03-03,EUR,4.3078
2588,2017-03-06,EUR,4.31
2589,2017-03-07,EUR,4.3115
2590,2017-03-08,EUR,4.3087
2591,2017-03-09,EUR,4.3146
2592,2017-03-10,EUR,4.326
2593,2017-03-13,EUR,4.346
2594,2017-03-14,EUR,4.3295
2595,2017-03-15,EUR,4.3208
2596,2017-03-16,EUR,4.3165
2597,2017-03-17,EUR,4.3013
2598,2017-03-20,EUR,4.2821
2599,2017-03-21,EUR,4.2635
2600,2017-03-22,EUR,4.2855
2601,2017-03-23,EUR,4.275
2602,2017-03-24,EUR,4.2658000000000005
2603,2017-03-27,EUR,4.263
2604,2017-03-28,EUR,4.2529
2605,2017-03-29,EUR,4.236
2606,2017-03-30,EUR,4.2292
2607,2017-03-31,EUR,4.2198
2608,2017-04-03,EUR,4.2327
2609,2017-04-04,EUR,4.2525
2610,2017-04-05,EUR,4.2464
2611,2017-04-06,EUR,4.2412
2612,2017-04-07,EUR,4.2273
2613,2017-04-10,EUR,4.2301
2614,2017-04-11,EUR,4.2415
2615,2017-04-12,EUR,4.2505
2616,2017-04-13,EUR,4.245
2617,2017-04-14,EUR,4.2395
2618,2017-04-18,EUR,4.2401
2619,2017-04-19,EUR,4.2404
2620,2017-04-20,EUR,4.2631
2621,2017-04-21,EUR,4.2705
2622,2017-04-24,EUR,4.241
2623,2017-04-25,EUR,4.2346
2624,2017-04-26,EUR,4.2255
2625,2017-04-27,EUR,4.2296
2626,2017-04-28,EUR,4.217
2627,2017-05-02,EUR,4.2226
2628,2017-05-04,EUR,4.2177
2629,2017-05-05,EUR,4.2176
2630,2017-05-08,EUR,4.2059
2631,2017-05-09,EUR,4.2253
2632,2017-05-10,EUR,4.2155
2633,2017-05-11,EUR,4.215
2634,2017-05-12,EUR,4.22
2635,2017-05-15,EUR,4.2096
2636,2017-05-16,EUR,4.1902
2637,2017-05-17,EUR,4.1912
2638,2017-05-18,EUR,4.22
2639,2017-05-19,EUR,4.2069
2640,2017-05-22,EUR,4.1907
2641,2017-05-23,EUR,4.2018
2642,2017-05-24,EUR,4.1985
2643,2017-05-25,EUR,4.1796
2644,2017-05-26,EUR,4.1803
2645,2017-05-29,EUR,4.1794
2646,2017-05-30,EUR,4.1739
2647,2017-05-31,EUR,4.1737
2648,2017-06-01,EUR,4.1834
2649,2017-06-02,EUR,4.1882
2650,2017-06-05,EUR,4.1781
2651,2017-06-06,EUR,4.1916
2652,2017-06-07,EUR,4.1943
2653,2017-06-08,EUR,4.2071
2654,2017-06-09,EUR,4.1877
2655,2017-06-12,EUR,4.1927
2656,2017-06-13,EUR,4.1921
2657,2017-06-14,EUR,4.2025
2658,2017-06-16,EUR,4.2181
2659,2017-06-19,EUR,4.2112
2660,2017-06-20,EUR,4.2248
2661,2017-06-21,EUR,4.2442
2662,2017-06-22,EUR,4.2442
2663,2017-06-23,EUR,4.2255
2664,2017-06-26,EUR,4.2117
2665,2017-06-27,EUR,4.212
2666,2017-06-28,EUR,4.2317
2667,2017-06-29,EUR,4.2412
2668,2017-06-30,EUR,4.2265
2669,2017-07-03,EUR,4.2331
2670,2017-07-04,EUR,4.2428
2671,2017-07-05,EUR,4.2501
2672,2017-07-06,EUR,4.2388
2673,2017-07-07,EUR,4.2337
2674,2017-07-10,EUR,4.2348
2675,2017-07-11,EUR,4.2435
2676,2017-07-12,EUR,4.2432
2677,2017-07-13,EUR,4.2345
2678,2017-07-14,EUR,4.2194
2679,2017-07-17,EUR,4.2091
2680,2017-07-18,EUR,4.2032
2681,2017-07-19,EUR,4.2057
2682,2017-07-20,EUR,4.2117
2683,2017-07-21,EUR,4.2311
2684,2017-07-24,EUR,4.2413
2685,2017-07-25,EUR,4.2559000000000005
2686,2017-07-26,EUR,4.2611
2687,2017-07-27,EUR,4.265
2688,2017-07-28,EUR,4.2617
2689,2017-07-31,EUR,4.2545
2690,2017-08-01,EUR,4.2548
2691,2017-08-02,EUR,4.2515
2692,2017-08-03,EUR,4.2538
2693,2017-08-04,EUR,4.2423
2694,2017-08-07,EUR,4.2469
2695,2017-08-08,EUR,4.2541
2696,2017-08-09,EUR,4.2638
2697,2017-08-10,EUR,4.2709
2698,2017-08-11,EUR,4.2851
2699,2017-08-14,EUR,4.2823
2700,2017-08-16,EUR,4.2724
2701,2017-08-17,EUR,4.2541
2702,2017-08-18,EUR,4.2826
2703,2017-08-21,EUR,4.2747
2704,2017-08-22,EUR,4.2772
2705,2017-08-23,EUR,4.2767
2706,2017-08-24,EUR,4.2827
2707,2017-08-25,EUR,4.26
2708,2017-08-28,EUR,4.264
2709,2017-08-29,EUR,4.2661
2710,2017-08-30,EUR,4.261
2711,2017-08-31,EUR,4.2618
2712,2017-09-01,EUR,4.2457
2713,2017-09-04,EUR,4.257
2714,2017-09-05,EUR,4.2361
2715,2017-09-06,EUR,4.2446
2716,2017-09-07,EUR,4.2466
2717,2017-09-08,EUR,4.2511
2718,2017-09-11,EUR,4.2426
2719,2017-09-12,EUR,4.2511
2720,2017-09-13,EUR,4.2677
2721,2017-09-14,EUR,4.2837
2722,2017-09-15,EUR,4.2781
2723,2017-09-18,EUR,4.2835
2724,2017-09-19,EUR,4.293
2725,2017-09-20,EUR,4.2769
2726,2017-09-21,EUR,4.2863
2727,2017-09-22,EUR,4.2746
2728,2017-09-25,EUR,4.2698
2729,2017-09-26,EUR,4.282
2730,2017-09-27,EUR,4.3012
2731,2017-09-28,EUR,4.3166
2732,2017-09-29,EUR,4.3091
2733,2017-10-02,EUR,4.3137
2734,2017-10-03,EUR,4.3105
2735,2017-10-04,EUR,4.3025
2736,2017-10-05,EUR,4.2985
2737,2017-10-06,EUR,4.3042
2738,2017-10-09,EUR,4.3121
2739,2017-10-10,EUR,4.2952
2740,2017-10-11,EUR,4.2836
2741,2017-10-12,EUR,4.2705
2742,2017-10-13,EUR,4.2603
2743,2017-10-16,EUR,4.2449
2744,2017-10-17,EUR,4.2313
2745,2017-10-18,EUR,4.2293
2746,2017-10-19,EUR,4.2381
2747,2017-10-20,EUR,4.2452
2748,2017-10-23,EUR,4.2359
2749,2017-10-24,EUR,4.2382
2750,2017-10-25,EUR,4.237
2751,2017-10-26,EUR,4.2458
2752,2017-10-27,EUR,4.252
2753,2017-10-30,EUR,4.2403
2754,2017-10-31,EUR,4.2498000000000005
2755,2017-11-02,EUR,4.2336
2756,2017-11-03,EUR,4.2406
2757,2017-11-06,EUR,4.2449
2758,2017-11-07,EUR,4.2397
2759,2017-11-08,EUR,4.2423
2760,2017-11-09,EUR,4.2308
2761,2017-11-10,EUR,4.2299
2762,2017-11-13,EUR,4.2352
2763,2017-11-14,EUR,4.2332
2764,2017-11-15,EUR,4.2487
2765,2017-11-16,EUR,4.2346
2766,2017-11-17,EUR,4.2419
2767,2017-11-20,EUR,4.2351
2768,2017-11-21,EUR,4.2296
2769,2017-11-22,EUR,4.2183
2770,2017-11-23,EUR,4.2108
2771,2017-11-24,EUR,4.2116
2772,2017-11-27,EUR,4.2086
2773,2017-11-28,EUR,4.2074
2774,2017-11-29,EUR,4.1991
2775,2017-11-30,EUR,4.2055
2776,2017-12-01,EUR,4.2078
2777,2017-12-04,EUR,4.2082
2778,2017-12-05,EUR,4.2024
2779,2017-12-06,EUR,4.2154
2780,2017-12-07,EUR,4.2115
2781,2017-12-08,EUR,4.2026
2782,2017-12-11,EUR,4.2038
2783,2017-12-12,EUR,4.2077
2784,2017-12-13,EUR,4.2155
2785,2017-12-14,EUR,4.2216000000000005
2786,2017-12-15,EUR,4.2217
2787,2017-12-18,EUR,4.2134
2788,2017-12-19,EUR,4.2011
2789,2017-12-20,EUR,4.1975
2790,2017-12-21,EUR,4.2018
2791,2017-12-22,EUR,4.1935
2792,2017-12-27,EUR,4.1909
2793,2017-12-28,EUR,4.1815
2794,2017-12-29,EUR,4.1709
2795,2018-01-02,EUR,4.1701
2796,2018-01-03,EUR,4.1673
2797,2018-01-04,EUR,4.1515
2798,2018-01-05,EUR,4.1544
2799,2018-01-08,EUR,4.1647
2800,2018-01-09,EUR,4.1779
2801,2018-01-10,EUR,4.1784
2802,2018-01-11,EUR,4.1758
2803,2018-01-12,EUR,4.1669
2804,2018-01-15,EUR,4.1696
2805,2018-01-16,EUR,4.1825
2806,2018-01-17,EUR,4.1739
2807,2018-01-18,EUR,4.1663
2808,2018-01-19,EUR,4.175
2809,2018-01-22,EUR,4.1696
2810,2018-01-23,EUR,4.1712
2811,2018-01-24,EUR,4.1637
2812,2018-01-25,EUR,4.1493
2813,2018-01-26,EUR,4.1477
2814,2018-01-29,EUR,4.1423
2815,2018-01-30,EUR,4.1461
2816,2018-01-31,EUR,4.1488
2817,2018-02-01,EUR,4.1504
2818,2018-02-02,EUR,4.1615
2819,2018-02-05,EUR,4.1585
2820,2018-02-06,EUR,4.1547
2821,2018-02-07,EUR,4.1593
2822,2018-02-08,EUR,4.1733
2823,2018-02-09,EUR,4.2024
2824,2018-02-12,EUR,4.1846
2825,2018-02-13,EUR,4.1764
2826,2018-02-14,EUR,4.1716
2827,2018-02-15,EUR,4.153
2828,2018-02-16,EUR,4.1559
2829,2018-02-19,EUR,4.1467
2830,2018-02-20,EUR,4.1472
2831,2018-02-21,EUR,4.1562
2832,2018-02-22,EUR,4.1811
2833,2018-02-23,EUR,4.1738
2834,2018-02-26,EUR,4.1717
2835,2018-02-27,EUR,4.17
2836,2018-02-28,EUR,4.1779
2837,2018-03-01,EUR,4.1854
2838,2018-03-02,EUR,4.1986
2839,2018-03-05,EUR,4.1895
2840,2018-03-06,EUR,4.1891
2841,2018-03-07,EUR,4.1922
2842,2018-03-08,EUR,4.2024
2843,2018-03-09,EUR,4.1989
2844,2018-03-12,EUR,4.1942
2845,2018-03-13,EUR,4.2097
2846,2018-03-14,EUR,4.2114
2847,2018-03-15,EUR,4.2168
2848,2018-03-16,EUR,4.2162
2849,2018-03-19,EUR,4.2176
2850,2018-03-20,EUR,4.2242
2851,2018-03-21,EUR,4.2416
2852,2018-03-22,EUR,4.2261
2853,2018-03-23,EUR,4.2295
2854,2018-03-26,EUR,4.2316
2855,2018-03-27,EUR,4.2164
2856,2018-03-28,EUR,4.2097
2857,2018-03-29,EUR,4.2093
2858,2018-03-30,EUR,4.2085
2859,2018-04-03,EUR,4.2094
2860,2018-04-04,EUR,4.2065
2861,2018-04-05,EUR,4.207
2862,2018-04-06,EUR,4.1984
2863,2018-04-09,EUR,4.1967
2864,2018-04-10,EUR,4.199
2865,2018-04-11,EUR,4.1911
2866,2018-04-12,EUR,4.1882
2867,2018-04-13,EUR,4.1769
2868,2018-04-16,EUR,4.1628
2869,2018-04-17,EUR,4.1582
2870,2018-04-18,EUR,4.1677
2871,2018-04-19,EUR,4.1665
2872,2018-04-20,EUR,4.1724
2873,2018-04-23,EUR,4.1802
2874,2018-04-24,EUR,4.198
2875,2018-04-25,EUR,4.2159
2876,2018-04-26,EUR,4.2392
2877,2018-04-27,EUR,4.2259
2878,2018-04-30,EUR,4.2204
2879,2018-05-02,EUR,4.2675
2880,2018-05-04,EUR,4.2771
2881,2018-05-07,EUR,4.2513
2882,2018-05-08,EUR,4.2661999999999995
2883,2018-05-09,EUR,4.279
2884,2018-05-10,EUR,4.2473
2885,2018-05-11,EUR,4.2569
2886,2018-05-14,EUR,4.2615
2887,2018-05-15,EUR,4.2823
2888,2018-05-16,EUR,4.2893
2889,2018-05-17,EUR,4.2868
2890,2018-05-18,EUR,4.2958
2891,2018-05-21,EUR,4.2991
2892,2018-05-22,EUR,4.2812
2893,2018-05-23,EUR,4.3037
2894,2018-05-24,EUR,4.2953
2895,2018-05-25,EUR,4.3022
2896,2018-05-28,EUR,4.3031
2897,2018-05-29,EUR,4.3056
2898,2018-05-30,EUR,4.3195
2899,2018-06-01,EUR,4.3146
2900,2018-06-04,EUR,4.2931
2901,2018-06-05,EUR,4.2804
2902,2018-06-06,EUR,4.2829
2903,2018-06-07,EUR,4.2634
2904,2018-06-08,EUR,4.2912
2905,2018-06-11,EUR,4.2717
2906,2018-06-12,EUR,4.2776
2907,2018-06-13,EUR,4.282
2908,2018-06-14,EUR,4.2757
2909,2018-06-15,EUR,4.2802
2910,2018-06-18,EUR,4.2887
2911,2018-06-19,EUR,4.3113
2912,2018-06-20,EUR,4.3171
2913,2018-06-21,EUR,4.3323
2914,2018-06-22,EUR,4.3149
2915,2018-06-25,EUR,4.3242
2916,2018-06-26,EUR,4.3372
2917,2018-06-27,EUR,4.343
2918,2018-06-28,EUR,4.3566
2919,2018-06-29,EUR,4.3616
2920,2018-07-02,EUR,4.3899
2921,2018-07-03,EUR,4.3978
2922,2018-07-04,EUR,4.3969000000000005
2923,2018-07-05,EUR,4.3833
2924,2018-07-06,EUR,4.36
2925,2018-07-09,EUR,4.338
2926,2018-07-10,EUR,4.3356
2927,2018-07-11,EUR,4.3322
2928,2018-07-12,EUR,4.3262
2929,2018-07-13,EUR,4.3302
2930,2018-07-16,EUR,4.3076
2931,2018-07-17,EUR,4.2998
2932,2018-07-18,EUR,4.3036
2933,2018-07-19,EUR,4.3155
2934,2018-07-20,EUR,4.3275
2935,2018-07-23,EUR,4.3262
2936,2018-07-24,EUR,4.3256
2937,2018-07-25,EUR,4.3035
2938,2018-07-26,EUR,4.2927
2939,2018-07-27,EUR,4.2945
2940,2018-07-30,EUR,4.2836
2941,2018-07-31,EUR,4.2779
2942,2018-08-01,EUR,4.2758
2943,2018-08-02,EUR,4.2745
2944,2018-08-03,EUR,4.2758
2945,2018-08-06,EUR,4.2672
2946,2018-08-07,EUR,4.2554
2947,2018-08-08,EUR,4.2619
2948,2018-08-09,EUR,4.2715
2949,2018-08-10,EUR,4.2942
2950,2018-08-13,EUR,4.3094
2951,2018-08-14,EUR,4.3001000000000005
2952,2018-08-16,EUR,4.3105
2953,2018-08-17,EUR,4.3061
2954,2018-08-20,EUR,4.2997
2955,2018-08-21,EUR,4.3101
2956,2018-08-22,EUR,4.2937
2957,2018-08-23,EUR,4.2868
2958,2018-08-24,EUR,4.2801
2959,2018-08-27,EUR,4.2748
2960,2018-08-28,EUR,4.2732
2961,2018-08-29,EUR,4.2871
2962,2018-08-30,EUR,4.2917
2963,2018-08-31,EUR,4.2953
2964,2018-09-03,EUR,4.2954
2965,2018-09-04,EUR,4.3073
2966,2018-09-05,EUR,4.3183
2967,2018-09-06,EUR,4.3218
2968,2018-09-07,EUR,4.3079
2969,2018-09-10,EUR,4.3138
2970,2018-09-11,EUR,4.3077
2971,2018-09-12,EUR,4.3103
2972,2018-09-13,EUR,4.3126
2973,2018-09-14,EUR,4.3093
2974,2018-09-17,EUR,4.2968
2975,2018-09-18,EUR,4.303
2976,2018-09-19,EUR,4.2929
2977,2018-09-20,EUR,4.2912
2978,2018-09-21,EUR,4.2929
2979,2018-09-24,EUR,4.3092
2980,2018-09-25,EUR,4.2939
2981,2018-09-26,EUR,4.2865
2982,2018-09-27,EUR,4.2814
2983,2018-09-28,EUR,4.2714
2984,2018-10-01,EUR,4.2795
2985,2018-10-02,EUR,4.2975
2986,2018-10-03,EUR,4.2949
2987,2018-10-04,EUR,4.309
2988,2018-10-05,EUR,4.3117
2989,2018-10-08,EUR,4.3112
2990,2018-10-09,EUR,4.319
2991,2018-10-10,EUR,4.3082
2992,2018-10-11,EUR,4.3179
2993,2018-10-12,EUR,4.3022
2994,2018-10-15,EUR,4.2927
2995,2018-10-16,EUR,4.2919
2996,2018-10-17,EUR,4.2936
2997,2018-10-18,EUR,4.2966
2998,2018-10-19,EUR,4.3049
2999,2018-10-22,EUR,4.2922
3000,2018-10-23,EUR,4.2984
3001,2018-10-24,EUR,4.3036
3002,2018-10-25,EUR,4.3123000000000005
3003,2018-10-26,EUR,4.3125
3004,2018-10-29,EUR,4.3164
3005,2018-10-30,EUR,4.3258
3006,2018-10-31,EUR,4.3313
3007,2018-11-02,EUR,4.3244
3008,2018-11-05,EUR,4.3144
3009,2018-11-06,EUR,4.3115
3010,2018-11-07,EUR,4.2972
3011,2018-11-08,EUR,4.2951
3012,2018-11-09,EUR,4.2901
3013,2018-11-12,EUR,4.2962
3014,2018-11-13,EUR,4.2994
3015,2018-11-14,EUR,4.2954
3016,2018-11-15,EUR,4.297
3017,2018-11-16,EUR,4.295
3018,2018-11-19,EUR,4.3242
3019,2018-11-20,EUR,4.3314
3020,2018-11-21,EUR,4.307
3021,2018-11-22,EUR,4.3064
3022,2018-11-23,EUR,4.2972
3023,2018-11-26,EUR,4.2883
3024,2018-11-27,EUR,4.2919
3025,2018-11-28,EUR,4.2994
3026,2018-11-29,EUR,4.29
3027,2018-11-30,EUR,4.2904
3028,2018-12-03,EUR,4.2818
3029,2018-12-04,EUR,4.281
3030,2018-12-05,EUR,4.2896
3031,2018-12-06,EUR,4.2919
3032,2018-12-07,EUR,4.2845
3033,2018-12-10,EUR,4.2911
3034,2018-12-11,EUR,4.2982
3035,2018-12-12,EUR,4.2993
3036,2018-12-13,EUR,4.2937
3037,2018-12-14,EUR,4.3021
3038,2018-12-17,EUR,4.2906
3039,2018-12-18,EUR,4.2853
3040,2018-12-19,EUR,4.2846
3041,2018-12-20,EUR,4.2849
3042,2018-12-21,EUR,4.2889
3043,2018-12-24,EUR,4.2832
3044,2018-12-27,EUR,4.286
3045,2018-12-28,EUR,4.2969
3046,2018-12-31,EUR,4.3
3047,2019-01-02,EUR,4.3016
3048,2019-01-03,EUR,4.303
3049,2019-01-04,EUR,4.3018
3050,2019-01-07,EUR,4.2989
3051,2019-01-08,EUR,4.3013
3052,2019-01-09,EUR,4.2989
3053,2019-01-10,EUR,4.3055
3054,2019-01-11,EUR,4.2957
3055,2019-01-14,EUR,4.2936
3056,2019-01-15,EUR,4.2922
3057,2019-01-16,EUR,4.2929
3058,2019-01-17,EUR,4.2875
3059,2019-01-18,EUR,4.2964
3060,2019-01-21,EUR,4.2928
3061,2019-01-22,EUR,4.2862
3062,2019-01-23,EUR,4.2867
3063,2019-01-24,EUR,4.2942
3064,2019-01-25,EUR,4.2935
3065,2019-01-28,EUR,4.2885
3066,2019-01-29,EUR,4.2974
3067,2019-01-30,EUR,4.2952
3068,2019-01-31,EUR,4.2802
3069,2019-02-01,EUR,4.2706
